Territorio,Tipo de territorio,Edad quinquenal,01 ene 1997,01 ene 1997,01 ene 1998,01 ene 1998,01 ene 1999,01 ene 1999,01 ene 2000,01 ene 2000,01 ene 2001,01 ene 2001,01 ene 2002,01 ene 2002,01 ene 2003,01 ene 2003,01 ene 2004,01 ene 2004,01 ene 2005,01 ene 2005,01 ene 2006,01 ene 2006,01 ene 2007,01 ene 2007,01 ene 2008,01 ene 2008,01 ene 2009,01 ene 2009,01 ene 2010,01 ene 2010,01 ene 2011,01 ene 2011,01 ene 2012,01 ene 2012,01 ene 2013,01 ene 2013,01 ene 2014,01 ene 2014,01 ene 2015,01 ene 2015,01 ene 2016,01 ene 2016,01 ene 2017,01 ene 2017,01 ene 2018,01 ene 2018,01 ene 2019,01 ene 2019,01 ene 2020,01 ene 2020,01 ene 2021,01 ene 2021,01 ene 2022,01 ene 2022,01 ene 2023,01 ene 2023,01 ene 2024,01 ene 2024,01 ene 2025,01 ene 2025
Territorio,Tipo de territorio,Edad quinquenal,Mujer,Hombre,Mujer,Hombre,Mujer,Hombre,Mujer,Hombre,Mujer,Hombre,Mujer,Hombre,Mujer,Hombre,Mujer,Hombre,Mujer,Hombre,Mujer,Hombre,Mujer,Hombre,Mujer,Hombre,Mujer,Hombre,Mujer,Hombre,Mujer,Hombre,Mujer,Hombre,Mujer,Hombre,Mujer,Hombre,Mujer,Hombre,Mujer,Hombre,Mujer,Hombre,Mujer,Hombre,Mujer,Hombre,Mujer,Hombre,Mujer,Hombre,Mujer,Hombre,Mujer,Hombre,Mujer,Hombre,Mujer,Hombre
Barcelona,Municipi,<5 años,26838,28058,27709,29186,27804,29500,28152,29770,29026,30648,30149,31776,30996,32412,32026,33307,32631,34017,33067,34383,33389,34828,34007,35668,34561,36487,34601,36685,34507,36766,34361,36694,34318,36509,33702,35600,33610,35387,33396,35267,33563,35251,32997,34889,32723,34345,32046,33524,30130,31832,28686,30251,27923,29722,27470,29271,27105,28711
Barcelona,Municipi,5-9 años,26856,28187,27436,28808,27320,28692,27342,28530,27516,28649,28350,29696,28751,30257,28760,30511,29085,30670,29520,31165,29524,30957,30095,31380,31007,32139,31455,32744,31875,33087,32722,33961,32909,34542,33294,35193,33324,35285,33386,35464,33582,35810,33693,35832,33444,35393,33426,35326,33136,34687,32297,33956,32196,33931,32099,33864,31360,33099
Barcelona,Municipi,10-14 años,31736,33295,31020,32363,29973,31183,28976,30444,28234,29825,28793,30303,29316,30706,29531,30825,29377,30744,29381,30776,28896,30372,29042,30746,29117,30816,29347,31015,29722,31501,30175,31797,30485,32011,31011,32531,31440,33132,32040,33510,33080,34585,33363,35137,33938,35995,34098,36321,33910,36203,33377,35836,34032,36218,34215,36265,34561,36594
Barcelona,Municipi,15-19 años,43884,45790,41631,43794,39299,41249,37139,39086,35593,37295,35021,36058,33936,35024,33135,34188,32150,33649,31680,33350,31044,32697,31523,33205,31543,33612,31109,33110,31078,32922,31001,33199,30728,32786,30328,32496,30688,32783,31154,33480,32021,34074,32535,34583,33547,35734,34199,36620,34331,36234,34914,36402,35943,37817,37192,39428,37661,40166
Barcelona,Municipi,20-24 años,56980,59021,56449,58030,54479,56066,51948,53419,50321,51470,51161,52982,50519,52919,48524,49951,47264,48373,46295,46957,44779,44645,44263,44731,43798,44415,41396,42265,39943,41006,39663,40386,39079,39362,38119,38383,38098,38435,38866,38654,39726,39528,40470,39819,41411,41275,42575,43444,42054,43595,41451,42503,43969,44587,46748,47653,47586,49507
Barcelona,Municipi,25-29 años,54963,56373,56223,57768,57331,58824,57861,59572,60038,62252,64587,67878,67579,71853,68150,72089,68305,71829,68046,71350,65648,68139,66013,68606,66093,68431,63238,64193,60741,60942,59163,57896,56401,54123,53929,51189,52776,50318,53203,50340,55380,51612,57526,53429,59935,56341,61916,58992,61335,59208,59471,57315,62001,59190,65127,62923,67051,65687
Barcelona,Municipi,30-34 años,55363,53689,56869,55352,57021,55923,56678,55861,57857,58040,61627,63557,64342,68456,66660,70848,68821,73967,70854,77148,70224,75601,72192,78128,73651,79785,72318,77179,70763,74863,69966,73218,68368,69856,65797,65978,64276,63461,62318,61589,62418,60595,61470,59662,62834,61242,63722,63337,64543,65188,63804,64322,66918,66961,71172,71821,73599,75301
Barcelona,Municipi,35-39 años,53909,49801,55156,51236,55484,51802,56272,52923,57740,54796,60584,59454,62225,62426,62538,63718,62873,64969,63320,66437,62918,65843,64512,68455,66442,70634,67146,71169,68015,72176,69147,73228,69473,73078,69108,72308,68501,71509,67588,69577,66800,68377,65326,66263,64911,65779,64053,65036,62807,64196,60906,61881,60952,62130,63271,65238,65468,68401
Barcelona,Municipi,40-44 años,50370,45273,51559,46541,52537,47756,53950,49110,55215,50607,57734,53606,58828,55320,59335,56068,60150,57799,61121,59168,60935,59285,61713,60892,61944,62239,61177,61686,60985,61954,61505,62677,62090,63288,62728,63959,63949,65425,65006,66996,66228,67778,66250,67744,66540,68646,66242,67782,65285,66758,62888,64462,62032,63456,62313,63653,62328,64035
Barcelona,Municipi,45-49 años,52446,46299,52574,46435,51423,45524,50456,44727,50983,45436,53008,47603,54165,49006,55197,50238,56666,51819,57355,53053,57442,52874,58153,53807,58697,54522,59004,55117,59508,55788,60058,57058,60219,57326,59872,57658,59479,57523,59435,58163,59751,58919,60153,59424,61563,61053,62760,62311,63312,63442,63366,63195,63813,63338,64432,64618,64562,64983
Barcelona,Municipi,50-54 años,50962,45583,52749,47232,53922,47914,53922,47756,53080,46704,53544,47112,53394,46749,52337,45825,51672,45202,52130,45880,52429,46069,53296,47037,54399,48150,55194,49235,55738,49834,56521,50443,56905,50904,57027,51128,57681,52162,58539,53118,58983,54261,59088,54402,59095,55305,58788,55092,58477,55451,58232,55657,58925,56257,60564,57666,61926,59556
Barcelona,Municipi,55-59 años,44090,39671,43315,38936,45142,40413,48653,43676,48680,43159,50867,44859,52436,46133,53578,46530,53626,46371,52855,45352,51932,44430,51792,44097,50790,43357,50011,42521,50293,42893,51094,43643,51865,44320,52608,45022,53812,46378,54779,47180,55370,47747,55589,48138,56107,48741,56813,49790,57222,50251,57076,51017,57329,51264,57872,52196,57811,52409
Barcelona,Municipi,60-64 años,53270,45084,51548,44052,48346,41450,44450,37713,44431,38456,42748,37407,41743,36585,43805,38027,47411,40988,47529,40657,48730,41312,50199,42455,51236,42964,51130,42941,50378,41922,50262,41700,50090,41342,49031,40605,48544,39840,48921,40393,49620,40946,50264,41457,51235,42433,52470,43548,52977,44135,53112,44426,53642,44818,54349,45484,55218,46648
Barcelona,Municipi,65-69 años,53789,41582,53856,42007,53500,41962,52488,41643,51081,40773,50728,40622,49171,39531,46128,37204,42499,33931,42470,34645,40274,33152,39452,32609,41399,34164,44768,36823,44768,36507,46310,37524,47772,38681,48800,39205,49062,39431,48504,38444,48193,38192,47860,37676,46920,37067,46398,36441,46511,36643,46741,36916,47522,37448,48874,38472,50188,39831
Barcelona,Municipi,70-74 años,50434,35032,50679,35301,50853,35690,50373,35399,50563,35651,50207,35637,50052,36021,49830,36138,49082,35973,47892,35287,47174,34903,45778,34044,43011,32178,39281,29415,39419,30168,37922,29277,37135,28945,39041,30327,42381,32837,42628,32855,43961,33619,45240,34469,46315,34956,46434,35038,45604,33936,44837,33417,44678,33212,44123,32788,43713,32398
Barcelona,Municipi,75-79 años,38424,21949,40548,23493,41682,24660,43313,26060,43895,27088,44782,27752,44839,27921,44919,28145,44740,28320,45161,28680,44765,28878,44867,29224,44783,29505,44306,29545,43341,29220,43017,29215,41896,28580,39353,27048,36094,24813,36424,25619,35003,25013,34215,24805,36066,26077,39129,28265,39088,27910,40057,28359,41369,29126,42438,29721,42759,29983
Barcelona,Municipi,80-84 años,27906,13726,28276,13742,28837,13755,28794,13668,29779,14033,31051,14946,32545,16043,33496,16968,35076,18190,35571,18953,36355,19442,36716,19794,36982,20263,36881,20510,37478,21064,37525,21497,37714,22017,38041,22417,37848,22702,37102,22656,36796,22684,36019,22155,33826,21017,31105,19403,31243,19816,30021,19245,29323,19149,31173,20279,33974,22068
Barcelona,Municipi,85-89 años,16296,6496,17281,6877,17904,7117,18191,7177,18442,7299,18781,7481,18640,7383,18871,7409,19086,7503,19894,7770,20906,8413,22072,9055,22942,9784,24142,10509,24860,11159,25777,11617,26178,11855,26477,12296,26705,12704,27268,13259,27444,13741,27643,14104,28155,14434,28257,14661,27328,14245,27199,14247,26662,13922,25070,13461,23199,12503
Barcelona,Municipi,90-94 años,6400,1976,6868,2084,7099,2183,7410,2272,7644,2403,7863,2479,8238,2600,8448,2601,8765,2784,8940,2806,9092,2879,9143,2850,9380,2917,9555,2986,10110,3161,10864,3530,11603,3838,12191,4182,12981,4597,13389,4886,13986,5062,14311,5233,14451,5535,14814,5817,14871,5858,15171,6047,15324,6195,15714,6362,15864,6574
Barcelona,Municipi,95-99 años,1283,330,1487,358,1639,381,1643,415,1779,403,1927,439,1985,468,1952,492,2138,493,2236,556,2334,555,2560,628,2675,622,2781,658,2911,696,2968,709,2909,717,3082,761,3268,777,3497,832,3721,950,3940,982,4126,1069,4442,1232,4490,1208,4762,1228,4965,1264,5059,1369,5163,1412
Barcelona,Municipi,≥100 años,152,49,156,41,157,40,166,38,191,46,219,47,253,47,266,49,268,61,303,62,307,60,323,55,354,64,383,83,441,86,450,90,522,96,527,98,570,114,588,113,640,126,652,128,661,118,736,127,725,139,773,158,751,161,843,164,926,178
Barcelona,Municipi,No consta,28,20,-,-,-,-,-,-,-,-,-,-,-,-,-,-,-,-,-,-,-,-,-,-,-,-,-,-,-,-,-,-,-,-,-,-,-,-,-,-,-,-,-,-,-,-,-,-,-,-,-,-,-,-,-,-,-,-
Ciutat Vella,Districte,<5 años,1387,1405,1498,1536,1510,1568,1557,1606,1643,1727,1781,1900,1830,2035,1984,2101,2035,2129,2125,2159,2068,2131,2091,2139,2093,2248,2102,2275,2105,2260,2029,2251,2007,2248,1945,2096,1956,2045,1902,2018,1888,2011,1819,1977,1796,1971,1799,2014,1779,1958,1713,1876,1666,1841,1682,1861,1675,1851
Ciutat Vella,Districte,5-9 años,1223,1333,1287,1428,1287,1429,1287,1390,1324,1346,1425,1481,1483,1589,1566,1618,1557,1633,1591,1718,1530,1678,1579,1707,1708,1702,1695,1726,1723,1829,1804,1855,1766,1859,1758,1925,1744,1903,1757,1907,1772,1982,1815,1964,1755,1910,1753,1862,1728,1815,1650,1769,1650,1807,1701,1817,1666,1805
Ciutat Vella,Districte,10-14 años,1354,1399,1389,1466,1360,1462,1305,1460,1289,1457,1354,1531,1419,1581,1457,1638,1453,1599,1425,1539,1410,1520,1387,1567,1410,1575,1416,1593,1472,1694,1530,1698,1507,1694,1542,1636,1508,1623,1529,1662,1648,1744,1630,1694,1603,1750,1652,1826,1664,1837,1684,1807,1733,1811,1726,1794,1707,1786
Ciutat Vella,Districte,15-19 años,1813,1953,1774,1857,1717,1817,1601,1719,1648,1766,1673,1869,1735,1976,1730,2033,1655,2120,1666,2276,1703,2175,1661,2163,1600,2231,1535,2119,1513,2045,1538,2046,1507,1960,1447,1903,1528,1876,1508,1946,1545,1997,1546,2152,1662,2276,1643,2353,1678,2167,1710,1912,1776,1912,1838,1987,1926,2004
Ciutat Vella,Districte,20-24 años,2590,2561,2603,2626,2553,2610,2500,2577,2659,2951,3015,3906,3302,4512,3429,4334,3521,4384,3574,4286,3816,4119,3626,4019,3344,3735,2927,3351,2815,3339,2888,3435,2859,3440,2777,3286,2777,3154,2975,3101,3033,3234,3142,3198,3237,3509,3343,4087,3264,4100,3141,3683,3369,3883,3559,4322,3677,4593
Ciutat Vella,Districte,25-29 años,2996,3196,3115,3231,3225,3261,3298,3435,3762,4380,4535,6236,5198,7743,5697,8021,6167,8353,6206,8526,6313,8004,6269,7901,6046,7376,5591,6329,5472,6074,5456,5941,5150,5726,4966,5341,4939,5401,5206,5541,5810,5830,6012,6157,6432,6861,6547,7300,6527,7405,6072,6747,6050,6824,6254,7437,6494,8089
Ciutat Vella,Districte,30-34 años,2968,3281,3190,3580,3254,3687,3303,3908,3643,4575,4224,6181,4862,7720,5389,8184,5810,8772,5985,9224,5971,8600,6205,8860,6212,8749,5998,7826,5792,7626,5853,7614,5859,7320,5670,6861,5564,6599,5361,6418,5512,6422,5465,6398,5721,6968,5905,7468,6130,8089,5939,7710,6008,7845,6410,8396,6545,8828
Ciutat Vella,Districte,35-39 años,2701,2741,2889,2998,2987,3207,3124,3400,3382,3983,3796,5121,4133,6083,4328,6510,4538,7027,4486,7290,4667,7077,4760,7160,4866,7031,4741,6621,4686,6647,4794,6880,4789,6904,4735,6724,4699,6733,4685,6548,4729,6475,4526,6218,4679,6412,4623,6560,4676,6606,4583,6334,4524,6292,4781,6762,5073,7468
Ciutat Vella,Districte,40-44 años,2168,2390,2389,2608,2545,2760,2673,2957,2931,3390,3236,4014,3424,4585,3683,4875,3812,5167,3950,5320,3993,5196,3928,5397,3856,5415,3731,5195,3716,5149,3785,5346,3850,5403,3804,5205,3789,5278,3850,5436,3923,5436,3912,5417,3891,5717,3861,5696,3901,5915,3791,5654,3781,5435,3946,5763,3957,5991
Ciutat Vella,Districte,45-49 años,2137,2294,2159,2414,2174,2440,2208,2480,2363,2717,2566,3176,2827,3587,3023,3869,3212,4111,3317,4209,3306,3984,3312,3997,3276,4035,3181,3917,3135,4072,3206,4127,3242,4167,3263,4288,3245,4325,3189,4309,3217,4322,3205,4406,3313,4519,3389,4576,3430,4711,3383,4716,3375,4631,3406,4883,3564,5132
Ciutat Vella,Districte,50-54 años,2227,2376,2296,2533,2360,2599,2346,2580,2331,2564,2373,2677,2439,2811,2451,2807,2471,2935,2495,3071,2552,3013,2642,3100,2689,3107,2658,3135,2698,3154,2758,3211,2784,3237,2782,3229,2816,3287,2872,3410,2921,3481,2926,3464,2899,3636,2944,3768,2931,3816,2876,3884,2919,3918,3044,3951,3128,4025
Ciutat Vella,Districte,55-59 años,2238,2344,2173,2287,2149,2273,2229,2416,2187,2364,2261,2440,2291,2512,2410,2599,2431,2556,2382,2538,2306,2406,2216,2415,2127,2360,2134,2307,2150,2345,2178,2429,2281,2504,2301,2491,2350,2646,2422,2672,2476,2709,2514,2702,2593,2830,2620,2847,2753,3008,2769,3103,2719,3144,2776,3283,2806,3413
Ciutat Vella,Districte,60-64 años,3034,2784,2864,2733,2641,2564,2391,2336,2261,2357,2112,2244,2008,2125,2002,2129,2104,2254,2104,2167,2085,2179,2098,2165,2131,2157,2058,2078,2022,2036,2009,1994,1959,1974,1909,1952,1934,1933,1940,1995,2005,2080,2093,2123,2138,2214,2171,2308,2219,2365,2243,2417,2323,2400,2391,2486,2474,2523
Ciutat Vella,Districte,65-69 años,3615,2667,3485,2707,3324,2654,3083,2635,2913,2456,2797,2430,2572,2312,2345,2177,2150,1970,2029,1984,1883,1801,1782,1702,1771,1677,1805,1752,1767,1709,1815,1751,1837,1755,1820,1711,1799,1688,1791,1609,1771,1613,1719,1628,1712,1644,1737,1667,1749,1727,1743,1741,1883,1767,1929,1832,1981,1969
Ciutat Vella,Districte,70-74 años,3870,2401,3810,2379,3679,2359,3472,2229,3338,2204,3150,2158,2991,2165,2871,2106,2693,2054,2524,1954,2386,1924,2208,1815,2042,1705,1837,1528,1739,1528,1651,1403,1568,1326,1556,1293,1612,1360,1578,1341,1604,1390,1588,1344,1603,1357,1588,1331,1585,1312,1521,1257,1483,1284,1503,1286,1542,1315
Ciutat Vella,Districte,75-79 años,3217,1583,3287,1621,3288,1653,3308,1727,3274,1756,3161,1713,3094,1705,2974,1664,2809,1603,2692,1525,2508,1465,2431,1480,2314,1478,2158,1478,2042,1392,1946,1417,1832,1326,1685,1216,1544,1094,1498,1104,1399,1037,1319,983,1324,977,1373,1038,1342,1026,1353,1033,1334,1025,1362,1047,1368,1015
Ciutat Vella,Districte,80-84 años,2398,1044,2341,1039,2348,1009,2274,941,2337,945,2304,942,2341,966,2328,975,2384,1038,2336,1040,2326,1001,2288,995,2190,981,2062,960,1983,984,1905,926,1827,957,1764,971,1660,947,1577,899,1492,910,1415,861,1298,802,1188,740,1163,742,1071,677,996,662,1013,645,1066,704
Ciutat Vella,Districte,85-89 años,1317,484,1408,482,1440,505,1417,506,1405,499,1356,497,1283,489,1244,477,1260,458,1323,462,1335,469,1376,467,1390,479,1458,510,1439,519,1427,516,1434,499,1342,515,1275,489,1252,494,1204,470,1180,482,1174,504,1134,504,1065,462,988,463,943,442,857,445,788,412
Ciutat Vella,Districte,90-94 años,505,127,545,141,536,145,543,136,560,144,562,152,563,144,550,144,548,152,535,153,547,177,518,177,540,164,521,153,520,171,559,164,585,166,607,163,649,176,658,177,659,184,651,172,636,176,604,175,581,184,584,158,565,164,565,166,548,169
Ciutat Vella,Districte,95-99 años,105,25,104,22,123,26,130,29,139,22,144,23,140,29,123,22,134,21,135,17,132,17,146,20,149,30,146,31,149,32,153,43,132,34,146,39,146,36,161,37,152,36,172,30,171,33,185,39,195,33,194,44,186,44,174,41,164,36
Ciutat Vella,Districte,≥100 años,11,-,11,-,9,-,7,-,10,-,17,-,21,-,17,-,14,-,15,5,16,-,18,-,24,-,23,-,24,-,24,-,35,-,31,5,34,8,34,-,37,5,22,6,24,6,25,5,27,7,31,-,27,5,29,5,27,7
Ciutat Vella,Districte,No consta,-,-,-,-,-,-,-,-,-,-,-,-,-,-,-,-,-,-,-,-,-,-,-,-,-,-,-,-,-,-,-,-,-,-,-,-,-,-,-,-,-,-,-,-,-,-,-,-,-,-,-,-,-,-,-,-,-,-
Eixample,Districte,<5 años,4164,4411,4359,4637,4377,4775,4478,4906,4601,4984,4807,5052,4959,5036,4998,5120,4968,5192,4970,5176,4969,5231,4991,5293,4969,5279,4968,5317,4819,5294,4784,5394,4814,5361,4820,5281,4899,5233,4965,5320,5047,5304,4937,5210,4955,5109,4707,4899,4373,4554,4179,4332,4048,4222,3886,4197,3827,4151
Eixample,Districte,5-9 años,4036,4264,4146,4338,4132,4334,4198,4316,4317,4426,4434,4659,4497,4755,4477,4809,4523,4842,4556,4813,4478,4648,4562,4627,4607,4649,4613,4729,4615,4702,4682,4799,4655,4878,4708,4919,4637,4969,4621,4982,4561,5060,4555,5074,4476,4962,4491,4890,4431,4837,4376,4674,4316,4518,4330,4493,4195,4343
Eixample,Districte,10-14 años,4749,4884,4654,4760,4587,4609,4444,4529,4305,4488,4450,4562,4504,4591,4528,4625,4526,4627,4554,4643,4444,4615,4348,4635,4370,4662,4399,4662,4442,4641,4471,4582,4558,4580,4508,4613,4496,4668,4515,4672,4631,4745,4606,4784,4611,4827,4532,4881,4447,4793,4340,4802,4410,4819,4393,4853,4427,4833
Eixample,Districte,15-19 años,6216,6546,6055,6336,5752,6049,5519,5824,5407,5555,5451,5426,5240,5326,5118,5228,4999,5132,4820,5058,4708,4863,4792,4933,4762,4970,4743,4860,4706,4820,4660,4905,4580,4848,4567,4820,4600,4825,4634,4857,4725,4838,4787,4809,4742,4858,4791,4906,4784,4843,4852,4870,4908,5053,5027,5227,5011,5222
Eixample,Districte,20-24 años,8309,8432,8111,8276,8019,8015,7601,7607,7446,7550,7774,7881,7868,7869,7511,7530,7565,7436,7679,7286,7334,6928,7283,6938,7334,6838,6754,6590,6560,6369,6598,6282,6565,6159,6287,6015,6372,6030,6575,6176,6768,6407,6794,6474,7059,6653,7256,6928,7086,6879,6998,6583,7439,6676,7603,6950,7518,7193
Eixample,Districte,25-29 años,8347,8324,8517,8571,8643,8732,8689,8726,9110,8968,10335,10018,10958,10793,11173,10910,11380,11093,11676,11469,11260,10973,11557,11171,11827,11314,11334,10811,11171,10315,11042,9993,10657,9531,10192,9158,9962,9000,10164,9053,10771,9464,11267,9896,11782,10455,12406,10951,12329,11103,12379,10971,12744,11172,13162,11390,13311,11589
Eixample,Districte,30-34 años,8988,8390,9251,8564,9254,8645,9267,8702,9416,9084,10133,9906,10594,10560,10909,10853,11238,11255,11729,11921,11585,11731,12003,12255,12500,12830,12239,12631,11968,12408,12090,12433,12131,12046,11808,11685,11653,11388,11456,11135,11613,11145,11390,11041,11715,11265,11867,11780,12168,12415,12420,12398,13212,13074,14108,13924,14589,14368
Eixample,Districte,35-39 años,9309,8050,9419,8263,9463,8361,9549,8572,9784,8771,10296,9591,10587,9894,10400,9967,10332,10154,10261,10448,10116,10243,10365,10666,10595,10918,10649,10895,10824,11072,10972,11403,11357,11667,11540,11810,11372,11875,11228,11811,11158,11765,10885,11378,10779,11263,10670,11182,10583,11077,10372,10904,10376,10957,11041,11515,11514,12146
Eixample,Districte,40-44 años,8631,7480,8932,7649,9231,7888,9453,8039,9712,8286,10154,8746,10173,9002,10147,9063,10213,9233,10235,9474,10033,9457,10130,9543,10054,9769,9808,9611,9605,9613,9726,9611,9664,9737,9708,9983,10017,10111,10165,10353,10386,10607,10328,10582,10451,10784,10386,10562,10140,10531,9668,10287,9501,10110,9541,10259,9589,10407
Eixample,Districte,45-49 años,8802,7389,8860,7537,8759,7436,8739,7403,8849,7535,9307,7943,9537,8117,9834,8263,10002,8453,10114,8706,10012,8644,9985,8764,9942,8788,9878,8823,9940,8864,9871,9101,9738,8994,9508,8986,9344,8953,9221,8947,9173,8997,9124,9052,9219,9220,9443,9302,9517,9400,9465,9403,9388,9326,9581,9437,9590,9584
Eixample,Districte,50-54 años,8280,6989,8555,7168,8787,7402,8905,7475,8891,7492,9105,7651,9147,7647,9034,7535,9024,7496,9122,7636,9115,7751,9372,7838,9651,8039,9750,8184,9840,8163,9901,8153,9805,8290,9734,8294,9642,8364,9659,8490,9545,8606,9427,8447,9239,8467,9064,8244,8833,8224,8729,8200,8710,8272,8789,8435,8995,8693
Eixample,Districte,55-59 años,7177,5981,7127,5956,7489,6247,8070,6839,8081,6718,8432,7022,8674,7247,8892,7356,8947,7404,8982,7338,8910,7212,8943,7324,8824,7264,8757,7117,8822,7221,8940,7468,9134,7430,9324,7559,9495,7666,9610,7696,9637,7742,9474,7840,9400,7782,9290,7882,9276,7830,9072,7822,8996,7641,8915,7711,8730,7670
Eixample,Districte,60-64 años,8806,6848,8432,6599,7843,6145,7177,5625,7243,5756,7117,5670,6985,5660,7392,5922,7940,6459,7893,6431,8035,6479,8330,6676,8568,6834,8574,6946,8522,6893,8588,6917,8618,6982,8509,6876,8487,6790,8524,6879,8610,6988,8723,6958,8910,7104,9052,7126,9052,7152,9055,7127,8940,7245,8983,7212,8893,7372
Eixample,Districte,65-69 años,9548,6736,9356,6714,9147,6589,8887,6422,8479,6292,8384,6214,8042,6009,7491,5595,6881,5153,6959,5250,6656,5090,6573,5139,6963,5424,7493,5880,7418,5765,7616,5886,7825,6059,7994,6257,8091,6392,8131,6390,8162,6360,8144,6361,7998,6302,7965,6212,7985,6233,8025,6286,8192,6228,8492,6407,8652,6543
Eixample,Districte,70-74 años,9580,6189,9593,6133,9465,6144,9291,6012,9219,5906,9012,5868,8821,5800,8603,5759,8336,5608,8030,5498,7827,5330,7555,5161,7020,4879,6386,4452,6512,4513,6301,4471,6219,4500,6555,4752,7024,5197,6989,5193,7170,5268,7411,5434,7599,5559,7672,5689,7594,5609,7521,5560,7476,5645,7481,5601,7460,5564
Eixample,Districte,75-79 años,8158,4248,8430,4491,8526,4548,8691,4740,8596,4898,8619,4986,8617,4940,8516,4918,8409,4829,8347,4822,8140,4804,7963,4747,7814,4728,7569,4631,7311,4562,7202,4475,6927,4297,6405,4060,5892,3755,5992,3818,5771,3837,5664,3876,6004,4119,6472,4512,6394,4429,6499,4486,6752,4573,6914,4744,7027,4911
Eixample,Districte,80-84 años,6393,3029,6424,2981,6458,2951,6344,2878,6442,2858,6634,2964,6874,3149,6989,3237,7133,3466,7121,3561,7137,3562,7216,3633,7160,3629,7068,3576,7057,3591,6918,3640,6803,3671,6681,3638,6492,3643,6262,3657,6211,3578,6035,3407,5600,3184,5123,2988,5190,3005,4957,2969,4866,3033,5177,3254,5600,3511
Eixample,Districte,85-89 años,4057,1599,4173,1606,4266,1635,4246,1605,4305,1644,4427,1707,4352,1688,4312,1662,4325,1581,4384,1611,4483,1707,4764,1834,4912,1932,5040,2097,5103,2184,5190,2220,5191,2243,5217,2231,5193,2215,5194,2296,5118,2355,4978,2396,4960,2438,4834,2414,4638,2341,4613,2291,4493,2190,4179,2071,3836,1933
Eixample,Districte,90-94 años,1681,552,1797,564,1862,591,1920,604,1958,598,1997,609,2019,612,2052,607,2072,648,2137,636,2180,648,2168,633,2208,655,2244,650,2369,697,2500,772,2644,801,2662,832,2770,916,2806,953,2896,969,2988,998,2950,1041,2933,1027,2827,1027,2827,1073,2771,1076,2767,1051,2782,1076
Eixample,Districte,95-99 años,350,87,397,95,433,106,421,113,471,116,540,118,555,129,537,146,577,141,587,140,610,136,661,150,673,153,703,155,709,151,731,166,688,168,742,180,776,186,822,185,864,214,899,209,923,220,973,258,954,263,993,259,1006,240,1048,272,1054,259
Eixample,Districte,≥100 años,38,8,38,6,38,6,47,11,56,12,59,15,68,13,71,10,81,18,92,17,102,12,96,17,102,20,98,30,117,28,114,25,126,26,118,28,138,29,139,33,167,37,163,33,156,33,177,35,172,31,181,39,166,44,184,32,205,36
Eixample,Districte,No consta,-,-,-,-,-,-,-,-,-,-,-,-,-,-,-,-,-,-,-,-,-,-,-,-,-,-,-,-,-,-,-,-,-,-,-,-,-,-,-,-,-,-,-,-,-,-,-,-,-,-,-,-,-,-,-,-,-,-
Sants-Montjuïc,Districte,<5 años,3071,3168,3118,3297,3098,3259,3063,3208,3135,3303,3231,3412,3276,3510,3392,3655,3501,3632,3560,3752,3577,3781,3656,3773,3749,3884,3746,3892,3693,3971,3690,3985,3641,3986,3553,3877,3461,3866,3484,3779,3575,3814,3519,3730,3522,3724,3496,3677,3280,3546,3125,3332,3020,3321,3081,3251,2991,3222
Sants-Montjuïc,Districte,5-9 años,3073,3353,3169,3409,3105,3361,3084,3279,3097,3195,3173,3233,3127,3278,3095,3345,3072,3311,3116,3400,3130,3355,3161,3407,3214,3441,3314,3483,3391,3510,3470,3577,3491,3599,3511,3682,3482,3645,3383,3616,3379,3679,3422,3706,3407,3639,3349,3658,3440,3601,3336,3523,3331,3549,3359,3600,3358,3564
Sants-Montjuïc,Districte,10-14 años,3832,3993,3667,3854,3539,3725,3356,3594,3270,3523,3286,3518,3343,3528,3369,3496,3347,3463,3355,3424,3220,3307,3160,3356,3149,3368,3174,3443,3185,3483,3181,3525,3197,3492,3230,3460,3307,3491,3412,3505,3456,3579,3446,3607,3532,3717,3504,3699,3401,3700,3284,3648,3367,3667,3407,3708,3461,3802
Sants-Montjuïc,Districte,15-19 años,4739,5066,4637,4907,4510,4693,4384,4483,4160,4288,4217,4190,4013,4101,3927,3943,3737,3879,3729,3832,3518,3741,3645,3872,3682,3890,3618,3794,3613,3718,3595,3705,3408,3684,3290,3572,3258,3573,3334,3667,3402,3721,3467,3696,3519,3782,3633,3843,3586,3757,3592,3859,3653,4029,3833,4228,3885,4441
Sants-Montjuïc,Districte,20-24 años,5864,6165,5857,6203,5664,6030,5438,5812,5474,5643,5571,5879,5764,6015,5627,5720,5501,5560,5432,5500,5277,5272,5264,5327,5205,5284,4829,5036,4666,4862,4619,4835,4529,4700,4380,4485,4294,4409,4323,4400,4433,4430,4397,4444,4524,4756,4621,5006,4600,4906,4501,4827,4729,5134,5027,5375,5090,5680
Sants-Montjuïc,Districte,25-29 años,5956,5939,6098,6032,6145,6144,6159,6282,6391,6704,6980,7278,7382,7902,7502,8019,7483,8090,7718,8212,7489,7739,7643,8034,7800,8060,7654,7756,7389,7482,7326,7301,6954,6686,6438,6341,6257,6175,6363,6176,6481,6169,6662,6317,6968,6687,7301,7065,7063,7027,6738,6620,6999,6826,7402,7404,7746,7860
Sants-Montjuïc,Districte,30-34 años,6379,6106,6558,6275,6615,6351,6446,6237,6636,6454,6979,7087,7206,7696,7372,8012,7672,8365,7982,8878,8012,8787,8193,9121,8501,9320,8451,9080,8249,8849,8296,8840,8274,8550,8020,8113,7965,8017,7738,7777,7731,7524,7548,7337,7647,7625,7694,7871,7852,7978,7630,7842,7963,7983,8492,8507,8807,9178
Sants-Montjuïc,Districte,35-39 años,6455,5991,6595,6107,6486,6139,6642,6160,6658,6355,6943,6775,7093,7153,7214,7262,7153,7535,7271,7672,7102,7522,7341,7939,7482,8170,7592,8295,7735,8566,7968,8737,7898,8643,7906,8516,7831,8382,7794,8116,7855,8117,7847,7978,7998,7997,8019,8010,7863,8007,7490,7583,7366,7603,7635,8057,7959,8521
Sants-Montjuïc,Districte,40-44 años,5790,5443,5984,5622,6207,5733,6402,5891,6581,5982,6871,6322,6946,6470,6905,6525,7058,6687,7050,6955,6971,6841,7011,6956,7122,7176,6980,7175,6998,7184,7005,7244,7069,7306,7054,7371,7202,7486,7251,7738,7370,7856,7254,7745,7439,8011,7407,7890,7429,7844,7242,7593,7273,7655,7422,7703,7600,7881
Sants-Montjuïc,Districte,45-49 años,5634,5155,5623,5227,5670,5122,5631,5124,5727,5315,6066,5623,6269,5876,6462,5982,6587,6127,6714,6273,6708,6320,6846,6341,6845,6374,6929,6381,6927,6472,6974,6596,6998,6598,6992,6610,6799,6605,6760,6626,6735,6693,6706,6732,6788,6878,6887,7019,6895,7239,6947,7216,7032,7220,7155,7417,7100,7469
Sants-Montjuïc,Districte,50-54 años,5242,4964,5581,5128,5670,5241,5682,5252,5682,5123,5681,5150,5683,5218,5688,5162,5740,5122,5863,5326,6032,5361,6149,5679,6336,5834,6519,5959,6657,5957,6705,6081,6752,6019,6678,5996,6801,6066,6832,6125,6797,6169,6782,6152,6760,6280,6587,6265,6586,6228,6506,6204,6547,6240,6670,6332,6824,6709
Sants-Montjuïc,Districte,55-59 años,4418,4285,4319,4180,4554,4334,4948,4654,4965,4684,5187,4900,5509,4991,5597,5066,5638,5071,5688,4973,5560,4878,5524,4904,5570,4815,5588,4869,5624,5016,5869,5117,6011,5312,6120,5396,6336,5532,6510,5576,6480,5657,6496,5604,6497,5668,6640,5764,6568,5792,6510,5764,6497,5714,6647,5825,6527,5851
Sants-Montjuïc,Districte,60-64 años,5879,4945,5563,4793,5090,4507,4647,4106,4586,4183,4330,4017,4187,3901,4441,4070,4820,4386,4815,4399,4998,4471,5279,4569,5338,4659,5390,4634,5469,4504,5434,4548,5364,4617,5386,4540,5385,4559,5473,4723,5654,4774,5788,4918,5974,5032,6200,5180,6304,5255,6234,5311,6294,5212,6382,5240,6516,5368
Sants-Montjuïc,Districte,65-69 años,6107,4668,6120,4732,6124,4793,5979,4692,5726,4570,5638,4518,5385,4326,4928,4014,4504,3660,4401,3718,4080,3586,3972,3505,4219,3644,4552,3947,4515,3951,4708,4036,5041,4122,5126,4229,5190,4260,5260,4149,5178,4172,5120,4183,5111,4187,5144,4160,5215,4268,5361,4243,5485,4485,5685,4578,5893,4727
Sants-Montjuïc,Districte,70-74 años,5633,3972,5624,3977,5632,4025,5604,4025,5744,4031,5724,4042,5721,4065,5740,4158,5637,4110,5417,3970,5297,3871,5010,3732,4604,3462,4161,3150,4088,3231,3839,3163,3750,3100,3979,3260,4306,3497,4279,3496,4478,3587,4718,3623,4797,3713,4825,3723,4859,3620,4789,3609,4736,3639,4761,3608,4838,3666
Sants-Montjuïc,Districte,75-79 años,4163,2370,4398,2555,4528,2670,4735,2855,4795,2984,4917,3063,4909,3113,4897,3155,4915,3193,5053,3226,5047,3263,5066,3315,5101,3376,5016,3349,4818,3269,4775,3178,4533,3100,4164,2886,3783,2651,3757,2718,3539,2661,3464,2653,3646,2727,3931,2980,3887,2958,4057,3015,4291,3039,4365,3094,4368,3111
Sants-Montjuïc,Districte,80-84 años,3012,1446,3042,1449,3134,1457,3101,1446,3204,1448,3261,1572,3414,1668,3528,1774,3732,1909,3793,2029,3892,2086,3892,2110,3919,2191,3987,2276,4095,2348,4108,2439,4142,2465,4225,2503,4187,2490,4103,2447,4053,2403,3872,2332,3560,2192,3228,1988,3188,2032,2994,1995,2962,1993,3143,2089,3388,2301
Sants-Montjuïc,Districte,85-89 años,1715,658,1832,696,1875,725,1877,721,1871,759,1887,761,1877,728,1965,729,1966,746,2042,756,2093,820,2211,890,2280,962,2395,1053,2510,1123,2638,1191,2676,1216,2681,1278,2775,1387,2837,1445,2913,1535,2999,1557,3109,1602,3111,1591,3011,1525,2962,1469,2776,1400,2574,1324,2329,1217
Sants-Montjuïc,Districte,90-94 años,616,174,696,198,668,200,708,190,728,216,723,216,773,252,817,253,824,260,815,284,834,267,841,257,882,270,889,282,963,306,1003,330,1088,364,1186,400,1240,445,1292,483,1360,504,1375,515,1397,539,1467,620,1511,629,1564,643,1605,674,1652,689,1649,688
Sants-Montjuïc,Districte,95-99 años,123,34,129,35,142,34,153,39,158,39,154,40,168,40,168,44,187,42,206,42,223,39,243,47,253,55,246,51,239,60,232,51,246,56,273,65,308,59,326,65,328,80,344,86,355,100,379,109,383,110,412,114,442,120,442,134,462,154
Sants-Montjuïc,Districte,≥100 años,7,-,11,5,16,-,16,-,16,-,15,-,15,5,18,-,21,5,26,-,30,-,29,-,27,-,35,7,38,9,45,11,55,9,54,7,48,-,41,8,52,8,61,8,66,9,64,10,69,14,67,19,74,18,77,17,83,16
Sants-Montjuïc,Districte,No consta,6,-,-,-,-,-,-,-,-,-,-,-,-,-,-,-,-,-,-,-,-,-,-,-,-,-,-,-,-,-,-,-,-,-,-,-,-,-,-,-,-,-,-,-,-,-,-,-,-,-,-,-,-,-,-,-,-,-
Les Corts,Districte,<5 años,1517,1603,1525,1671,1514,1681,1493,1643,1568,1630,1495,1604,1519,1533,1525,1541,1538,1575,1481,1555,1503,1592,1509,1616,1534,1591,1551,1614,1596,1667,1607,1732,1639,1711,1611,1710,1676,1714,1692,1730,1710,1720,1676,1706,1636,1686,1580,1657,1433,1573,1390,1570,1355,1508,1336,1487,1359,1466
Les Corts,Districte,5-9 años,1640,1739,1672,1740,1605,1667,1612,1666,1553,1637,1607,1678,1582,1693,1531,1649,1527,1624,1559,1614,1474,1556,1490,1567,1504,1591,1563,1632,1545,1622,1607,1642,1614,1672,1637,1675,1659,1715,1701,1755,1706,1824,1694,1856,1708,1861,1735,1851,1746,1803,1726,1759,1710,1743,1636,1767,1556,1726
Les Corts,Districte,10-14 años,2023,2057,1945,2032,1880,1969,1829,1986,1754,1929,1730,1880,1754,1850,1713,1785,1668,1766,1647,1720,1637,1704,1630,1709,1610,1696,1573,1643,1573,1619,1524,1656,1525,1678,1532,1683,1602,1695,1607,1703,1685,1734,1715,1763,1723,1774,1705,1799,1752,1832,1765,1872,1801,1924,1825,1925,1885,1938
Les Corts,Districte,15-19 años,2779,2822,2648,2700,2495,2546,2382,2398,2273,2292,2172,2198,2045,2151,1981,2120,1923,2095,1843,2046,1756,1933,1757,1892,1740,1841,1695,1788,1697,1766,1693,1761,1682,1733,1643,1694,1599,1663,1620,1712,1618,1745,1653,1736,1714,1753,1749,1778,1704,1738,1797,1783,1887,1910,1947,2000,1974,2077
Les Corts,Districte,20-24 años,3427,3578,3408,3522,3283,3370,3138,3209,2960,3053,3049,2999,2928,2928,2795,2756,2639,2610,2579,2549,2491,2410,2400,2447,2378,2551,2282,2481,2195,2351,2111,2182,2039,2081,1982,1979,1982,1951,1934,1925,1919,1921,1956,1933,1966,1998,1948,2065,1884,2037,1892,1994,2030,2128,2212,2273,2317,2324
Les Corts,Districte,25-29 años,2738,2969,3006,3160,3179,3312,3289,3493,3397,3501,3406,3552,3456,3635,3405,3606,3311,3402,3304,3369,3180,3221,3257,3305,3325,3465,3113,3301,2980,3114,2914,2936,2702,2748,2574,2615,2544,2648,2498,2530,2583,2500,2653,2510,2656,2491,2645,2529,2580,2474,2448,2343,2512,2472,2691,2633,2759,2688
Les Corts,Districte,30-34 años,2756,2371,2763,2465,2694,2570,2658,2536,2715,2659,2817,2732,2930,2840,2985,2965,3072,3146,3116,3190,2950,2985,3085,3059,3135,3299,3037,3187,3054,3167,3035,3154,3022,2995,2825,2845,2783,2735,2720,2653,2747,2701,2674,2585,2709,2618,2728,2682,2655,2669,2574,2536,2752,2604,2896,2706,2899,2768
Les Corts,Districte,35-39 años,2995,2531,3018,2529,3001,2445,2991,2425,2966,2407,2970,2486,2957,2556,2831,2558,2764,2520,2741,2606,2769,2615,2866,2660,2933,2830,3036,3011,3090,2988,3095,2974,3031,2908,3064,2941,3026,2870,2972,2841,2989,2832,2905,2762,2888,2748,2870,2630,2771,2502,2690,2452,2617,2522,2674,2569,2718,2583
Les Corts,Districte,40-44 años,3220,2596,3193,2609,3148,2596,3177,2631,3120,2608,3088,2637,3117,2596,3081,2504,3086,2483,3059,2457,2953,2462,2896,2572,2818,2589,2713,2519,2685,2578,2758,2609,2851,2579,2878,2667,2991,2822,3057,2867,3057,2814,3106,2902,3073,2886,2996,2825,2954,2738,2917,2710,2879,2685,2808,2622,2823,2574
Les Corts,Districte,45-49 años,3562,2856,3614,2871,3474,2819,3384,2742,3372,2677,3347,2681,3310,2639,3249,2599,3196,2607,3149,2590,3074,2530,3039,2497,3088,2468,3084,2448,3016,2383,2948,2417,2881,2452,2797,2443,2685,2431,2699,2497,2780,2555,2869,2480,2916,2571,2954,2746,3022,2756,2987,2787,3011,2849,3030,2874,3033,2842
Les Corts,Districte,50-54 años,3230,2886,3367,3005,3499,3015,3593,2994,3495,2973,3558,2894,3547,2841,3395,2759,3351,2675,3331,2601,3266,2537,3234,2489,3157,2482,3077,2516,3065,2474,3019,2463,2967,2384,3004,2346,3032,2351,2990,2379,2897,2411,2795,2406,2751,2480,2660,2391,2634,2384,2711,2456,2803,2453,2890,2526,2972,2696
Les Corts,Districte,55-59 años,2417,2254,2454,2270,2685,2456,2954,2760,2995,2739,3194,2857,3339,2937,3429,2912,3473,2878,3390,2870,3355,2721,3358,2706,3264,2645,3224,2537,3185,2480,3186,2444,3154,2405,3101,2410,3076,2448,3042,2421,3011,2382,2956,2292,2962,2233,2952,2224,2841,2189,2813,2266,2725,2333,2698,2355,2617,2315
Les Corts,Districte,60-64 años,2536,2259,2504,2282,2383,2202,2201,2038,2368,2122,2318,2189,2337,2165,2594,2358,2889,2585,2910,2593,3072,2629,3208,2699,3290,2711,3299,2692,3227,2687,3241,2608,3283,2596,3156,2530,3127,2418,3103,2378,3064,2353,3065,2341,3022,2323,2980,2312,2986,2260,2888,2202,2873,2144,2899,2125,2921,2148
Les Corts,Districte,65-69 años,2319,2042,2414,2045,2459,2019,2489,2048,2402,2055,2464,2055,2435,2104,2309,2048,2111,1894,2260,1964,2169,1980,2210,1962,2453,2131,2764,2340,2761,2337,2988,2445,3075,2513,3162,2542,3178,2538,3146,2502,3130,2431,3133,2401,3058,2329,3004,2210,2969,2146,2949,2109,2907,2106,2872,2128,2864,2158
Les Corts,Districte,70-74 años,2167,1613,2180,1637,2216,1717,2224,1759,2261,1777,2238,1813,2310,1829,2368,1825,2367,1819,2295,1826,2335,1828,2307,1876,2151,1817,1972,1682,2144,1756,2069,1767,2098,1769,2342,1927,2634,2140,2676,2178,2848,2239,2937,2284,2999,2320,3035,2323,2981,2273,2948,2186,2958,2177,2876,2098,2828,2047
Les Corts,Districte,75-79 años,1600,1035,1716,1104,1802,1152,1889,1249,1965,1347,2017,1394,2024,1393,2060,1455,2065,1506,2114,1519,2053,1557,2138,1577,2148,1561,2184,1581,2129,1591,2158,1628,2122,1676,1990,1592,1826,1452,1999,1555,1944,1584,1993,1599,2214,1722,2482,1904,2495,1910,2648,1951,2736,2010,2813,2023,2855,2010
Les Corts,Districte,80-84 años,1120,648,1145,636,1172,644,1230,663,1308,676,1385,753,1473,848,1518,900,1617,957,1664,1031,1740,1051,1732,1068,1788,1132,1805,1162,1826,1186,1789,1223,1843,1220,1883,1238,1930,1283,1865,1296,1891,1323,1885,1354,1783,1310,1647,1201,1780,1262,1733,1299,1761,1283,1963,1389,2228,1560
Les Corts,Districte,85-89 años,626,300,675,366,723,378,771,375,810,369,841,362,853,369,869,358,909,393,968,406,1052,468,1102,528,1125,554,1173,601,1224,644,1305,658,1307,683,1362,725,1350,760,1363,800,1349,822,1382,818,1436,853,1497,873,1442,851,1437,876,1432,900,1366,893,1257,811
Les Corts,Districte,90-94 años,256,89,292,99,315,98,317,107,311,119,318,124,352,140,387,140,418,152,455,162,477,154,471,141,458,141,481,170,525,183,553,227,596,238,595,253,641,283,689,309,758,309,753,317,769,339,757,358,785,384,804,395,835,388,875,410,909,443
Les Corts,Districte,95-99 años,44,15,55,16,73,19,71,16,78,17,90,21,91,23,88,26,94,26,94,31,94,29,128,43,135,33,158,40,160,41,175,30,168,37,166,42,193,47,204,64,199,70,215,73,208,66,228,69,261,72,274,79,296,83,291,85,288,94
Les Corts,Districte,≥100 años,-,-,8,-,10,-,12,-,10,-,9,-,13,-,15,-,14,-,13,-,16,-,13,-,16,5,17,-,22,-,22,-,28,6,31,-,27,-,28,8,38,8,38,11,33,6,50,6,39,9,48,10,47,5,60,5,55,8
Les Corts,Districte,No consta,-,-,-,-,-,-,-,-,-,-,-,-,-,-,-,-,-,-,-,-,-,-,-,-,-,-,-,-,-,-,-,-,-,-,-,-,-,-,-,-,-,-,-,-,-,-,-,-,-,-,-,-,-,-,-,-,-,-
Sarrià-Sant Gervasi,Districte,<5 años,2699,2817,2895,2915,3052,3054,3236,3220,3344,3387,3456,3614,3464,3707,3536,3791,3626,3823,3654,3721,3680,3786,3679,3925,3579,3829,3588,3853,3601,3827,3610,3759,3678,3761,3647,3688,3606,3675,3592,3660,3564,3636,3491,3570,3440,3455,3369,3334,3089,3116,2954,3079,2928,3133,2872,3112,2924,3112
Sarrià-Sant Gervasi,Districte,5-9 años,2564,2636,2709,2890,2907,3023,2996,3127,3132,3244,3320,3428,3480,3440,3470,3511,3602,3613,3581,3648,3612,3700,3625,3752,3753,3899,3803,3921,3779,3916,3865,4019,3860,4095,3788,4100,3797,4122,3853,4141,3913,4111,3924,4096,3851,3986,3851,3952,3827,3782,3698,3642,3689,3654,3621,3593,3554,3531
Sarrià-Sant Gervasi,Districte,10-14 años,2675,2817,2750,2826,2680,2826,2726,2854,2782,2855,3054,2990,3235,3219,3359,3299,3389,3364,3469,3466,3466,3495,3536,3451,3557,3476,3596,3557,3597,3674,3668,3808,3730,3846,3894,3994,3984,4106,4060,4167,4214,4390,4197,4506,4126,4514,4128,4569,4085,4490,3997,4309,4055,4251,4070,4208,4075,4201
Sarrià-Sant Gervasi,Districte,15-19 años,3584,3608,3400,3521,3334,3366,3258,3296,3189,3248,3141,3216,3160,3170,3099,3158,3120,3179,3193,3194,3294,3188,3398,3361,3494,3470,3532,3491,3600,3570,3663,3641,3734,3623,3780,3708,3849,3847,3933,3918,4033,4072,4123,4141,4296,4335,4381,4439,4350,4408,4451,4481,4485,4588,4458,4626,4498,4728
Sarrià-Sant Gervasi,Districte,20-24 años,5015,5155,4873,4904,4547,4628,4264,4277,4053,4008,4119,4031,3999,3980,3955,3834,3985,3757,3906,3677,3780,3560,3798,3590,3823,3702,3714,3665,3708,3612,3833,3603,3875,3680,3925,3743,4000,3949,4141,3995,4338,4102,4399,4067,4463,4099,4480,4291,4363,4287,4318,4285,4596,4418,4879,4639,5043,4754
Sarrià-Sant Gervasi,Districte,25-29 años,5064,5224,5201,5382,5226,5417,5225,5452,5183,5355,5263,5214,5367,5134,5255,4994,5187,4847,5113,4669,4766,4626,4755,4676,4840,4677,4692,4529,4591,4348,4393,4079,4352,3893,4269,3846,4146,3852,4231,3946,4443,3999,4573,4114,4708,4230,4885,4290,4908,4375,4891,4326,4959,4383,5107,4544,5264,4663
Sarrià-Sant Gervasi,Districte,30-34 años,4597,4332,4813,4640,4951,4717,4945,4777,5061,4832,5399,5066,5501,5162,5531,5208,5630,5344,5656,5314,5444,4997,5507,5100,5536,5150,5380,4968,5183,4801,5081,4718,4817,4563,4754,4397,4750,4184,4622,4159,4548,4077,4537,3928,4469,4012,4518,4058,4574,4049,4644,4136,4887,4455,5176,4702,5371,4867
Sarrià-Sant Gervasi,Districte,35-39 años,4568,3904,4703,4013,4879,4151,4960,4292,5033,4489,5377,4865,5562,4956,5602,4935,5563,4915,5667,4906,5607,4847,5640,4898,5824,5162,5890,5258,5813,5154,5826,5087,5825,4994,5590,4869,5429,4759,5284,4634,5198,4621,4952,4419,4870,4318,4724,4209,4548,4050,4396,3957,4587,4109,4712,4267,4809,4374
Sarrià-Sant Gervasi,Districte,40-44 años,4365,3475,4480,3672,4512,3845,4730,4013,4886,4131,5186,4481,5359,4567,5454,4586,5543,4731,5608,4851,5606,4866,5749,5011,5854,5080,5749,5019,5704,4978,5712,4966,5781,4947,5853,5031,5965,5191,6083,5234,6093,5209,5953,5202,5693,4947,5519,4840,5259,4631,5026,4411,4900,4324,4907,4287,4913,4303
Sarrià-Sant Gervasi,Districte,45-49 años,4672,3615,4720,3705,4600,3691,4584,3707,4560,3738,4810,3910,4915,4073,4912,4221,5139,4349,5254,4449,5273,4517,5340,4503,5479,4585,5555,4690,5598,4824,5701,5004,5745,5054,5775,5014,5738,4916,5791,4966,5918,5025,5955,5070,6084,5242,6111,5304,5981,5206,5932,5060,5864,5035,5721,4940,5571,4899
Sarrià-Sant Gervasi,Districte,50-54 años,4723,3730,4843,3785,4913,3815,4852,3837,4852,3816,4943,3957,4889,3935,4802,3875,4759,3862,4759,3894,4750,3917,4816,4067,4911,4164,5039,4253,5137,4339,5261,4400,5303,4471,5365,4551,5489,4688,5614,4868,5706,5016,5784,4993,5818,5028,5803,4958,5801,4924,5746,4932,5749,4892,5940,5122,6087,5231
Sarrià-Sant Gervasi,Districte,55-59 años,4079,3191,4084,3250,4336,3505,4679,3783,4571,3716,4738,3817,4854,3824,4936,3844,4873,3865,4871,3852,4799,3815,4775,3807,4674,3719,4624,3742,4581,3733,4640,3771,4707,3904,4761,3967,4901,4135,5077,4223,5133,4297,5175,4351,5262,4505,5362,4650,5391,4692,5476,4780,5507,4735,5531,4734,5498,4709
Sarrià-Sant Gervasi,Districte,60-64 años,4514,3651,4355,3514,4099,3268,3849,2954,3913,3055,3894,3109,3886,3181,4146,3395,4501,3634,4476,3589,4564,3590,4650,3621,4742,3687,4655,3701,4650,3643,4627,3667,4604,3613,4469,3577,4437,3574,4422,3557,4453,3575,4511,3653,4573,3727,4730,3879,4792,3922,4855,3967,4877,4055,4939,4186,5118,4237
Sarrià-Sant Gervasi,Districte,65-69 años,4369,3269,4412,3283,4301,3261,4188,3260,4134,3248,4192,3342,4044,3200,3819,2952,3584,2694,3704,2793,3624,2767,3638,2854,3880,3091,4242,3303,4250,3271,4333,3283,4444,3368,4515,3379,4452,3399,4400,3346,4340,3343,4317,3321,4232,3290,4175,3228,4125,3186,4149,3251,4201,3296,4231,3338,4331,3481
Sarrià-Sant Gervasi,Districte,70-74 años,4276,2934,4229,2964,4228,2919,4201,2874,4211,2867,4123,2821,4134,2851,4019,2860,3958,2897,3853,2899,3893,2950,3799,2816,3594,2628,3324,2410,3409,2534,3402,2518,3430,2561,3689,2767,4058,2958,4086,2956,4098,2931,4155,2963,4246,2987,4172,3006,4126,2964,4059,2940,4077,2938,4032,2910,3954,2863
Sarrià-Sant Gervasi,Districte,75-79 años,3368,1912,3559,2042,3681,2198,3832,2268,3816,2356,3933,2439,3872,2425,3835,2394,3840,2387,3892,2371,3771,2352,3773,2385,3695,2422,3645,2471,3571,2491,3660,2539,3555,2437,3368,2301,3194,2095,3240,2198,3193,2189,3206,2231,3453,2415,3754,2603,3741,2539,3756,2540,3853,2575,3942,2617,3926,2651
Sarrià-Sant Gervasi,Districte,80-84 años,2551,1263,2599,1264,2645,1286,2643,1260,2762,1308,2968,1420,3083,1523,3217,1637,3303,1705,3268,1779,3302,1838,3279,1806,3308,1799,3310,1818,3355,1838,3297,1841,3309,1926,3266,1942,3222,2020,3191,2031,3232,2068,3151,1978,2991,1872,2821,1696,2872,1753,2875,1770,2910,1799,3095,1936,3366,2078
Sarrià-Sant Gervasi,Districte,85-89 años,1577,636,1702,663,1797,662,1838,702,1846,736,1912,734,1937,739,1963,728,1951,737,2047,786,2184,857,2257,947,2381,1056,2463,1079,2472,1146,2560,1212,2551,1175,2533,1182,2556,1224,2650,1229,2596,1249,2636,1311,2593,1338,2610,1377,2522,1356,2567,1381,2519,1328,2394,1292,2252,1175
Sarrià-Sant Gervasi,Districte,90-94 años,661,211,724,241,716,246,776,231,812,255,882,274,957,283,984,297,1028,327,1038,309,1055,327,1053,335,1088,326,1107,333,1151,347,1243,398,1302,434,1407,493,1436,532,1432,579,1493,585,1519,604,1555,597,1585,629,1621,625,1617,628,1631,627,1622,640,1637,678
Sarrià-Sant Gervasi,Districte,95-99 años,163,31,179,37,197,50,191,51,210,39,234,46,237,53,234,52,267,52,283,73,298,75,352,87,352,93,362,90,395,93,409,93,381,92,408,84,428,80,457,92,504,111,532,111,573,135,573,152,562,175,613,164,616,174,626,158,610,165
Sarrià-Sant Gervasi,Districte,≥100 años,20,5,25,-,27,8,25,8,33,9,33,7,39,9,42,8,40,7,32,9,34,9,41,9,43,9,50,14,56,15,64,15,80,15,67,17,82,23,94,19,100,17,102,16,105,13,128,14,116,18,122,20,125,20,141,23,146,26
Sarrià-Sant Gervasi,Districte,No consta,-,-,-,-,-,-,-,-,-,-,-,-,-,-,-,-,-,-,-,-,-,-,-,-,-,-,-,-,-,-,-,-,-,-,-,-,-,-,-,-,-,-,-,-,-,-,-,-,-,-,-,-,-,-,-,-,-,-
Gràcia,Districte,<5 años,1925,2118,1966,2203,1991,2195,1955,2150,2031,2192,2129,2235,2222,2286,2324,2371,2406,2422,2385,2533,2463,2492,2494,2515,2538,2653,2440,2707,2407,2722,2450,2721,2477,2778,2421,2703,2452,2710,2468,2711,2520,2708,2474,2678,2497,2620,2475,2523,2372,2424,2202,2304,2122,2183,2062,2100,1999,2078
Gràcia,Districte,5-9 años,1963,1912,1991,2003,1970,2032,1969,2007,1951,2002,2029,2102,2037,2116,2036,2102,2013,2091,2004,2090,1973,2074,2061,2156,2115,2208,2204,2285,2237,2328,2307,2390,2281,2391,2344,2452,2304,2472,2307,2476,2319,2530,2355,2550,2333,2552,2312,2522,2294,2509,2251,2475,2206,2453,2271,2426,2269,2340
Gràcia,Districte,10-14 años,2257,2326,2179,2199,2026,2114,1971,2069,1970,2004,2028,2079,2026,2101,2091,2122,2085,2127,2082,2124,2020,2115,1987,2130,1969,2079,1920,2061,1920,2060,1947,2041,2038,2103,2094,2177,2174,2245,2239,2336,2285,2388,2262,2378,2353,2449,2314,2459,2301,2443,2252,2445,2270,2524,2239,2529,2253,2546
Gràcia,Districte,15-19 años,3017,3285,2907,3164,2813,2928,2680,2754,2521,2584,2450,2464,2371,2306,2262,2269,2178,2215,2158,2165,2097,2141,2122,2173,2162,2226,2128,2214,2077,2195,2058,2184,1997,2172,1997,2111,1956,2080,2004,2127,2045,2145,2158,2225,2234,2313,2334,2398,2346,2425,2371,2459,2447,2487,2536,2610,2547,2646
Gràcia,Districte,20-24 años,3983,4181,3939,4080,3775,4065,3663,3813,3477,3633,3659,3677,3640,3641,3521,3410,3446,3291,3343,3190,3123,3036,3148,2974,3087,3047,2962,2896,2785,2732,2778,2693,2665,2570,2683,2518,2701,2604,2775,2606,2800,2653,2852,2659,2896,2659,2902,2707,2857,2721,2815,2633,3137,2834,3312,3010,3376,3120
Gràcia,Districte,25-29 años,4059,4101,4182,4136,4260,4254,4263,4347,4552,4572,4968,5140,5270,5314,5409,5311,5510,5335,5647,5268,5476,5013,5593,5196,5698,5291,5570,5028,5288,4760,5092,4504,4781,4068,4523,3782,4417,3709,4394,3747,4568,3779,4696,3799,4870,4145,5032,4363,4992,4281,4861,4235,5180,4301,5516,4500,5572,4626
Gràcia,Districte,30-34 años,4243,3958,4389,4189,4477,4216,4433,4266,4452,4344,4923,4873,5192,5146,5493,5443,5605,5673,5940,6045,5957,6021,6216,6213,6536,6470,6410,6360,6267,6029,6202,6033,6164,5805,6053,5443,5789,5189,5692,5114,5559,5030,5431,4922,5461,4883,5578,4901,5616,4996,5633,5017,5882,5200,6266,5582,6504,5787
Gràcia,Districte,35-39 años,4178,3691,4236,3747,4187,3822,4266,3896,4412,4080,4634,4283,4799,4590,4813,4706,4839,4732,4923,4808,4929,4841,5178,5159,5387,5397,5472,5559,5497,5650,5651,5718,5718,5579,5822,5574,5932,5668,5844,5557,5793,5508,5720,5334,5686,5290,5445,5180,5327,5082,5198,4885,5044,4792,5169,5007,5417,5147
Gràcia,Districte,40-44 años,4154,3482,4198,3554,4232,3548,4204,3591,4267,3670,4433,3894,4467,3901,4479,4014,4526,4103,4634,4243,4563,4168,4629,4351,4661,4450,4583,4370,4550,4337,4608,4496,4691,4601,4730,4718,4844,4848,5046,5047,5187,5023,5240,5052,5347,5177,5422,5141,5336,5020,5114,4890,5040,4732,5019,4697,4946,4735
Gràcia,Districte,45-49 años,4187,3568,4222,3567,4203,3564,4170,3439,4096,3372,4207,3481,4242,3479,4290,3533,4330,3653,4368,3737,4310,3754,4298,3786,4342,3852,4380,3903,4393,3891,4407,3902,4409,3997,4343,3974,4376,3952,4371,3968,4397,4069,4410,4193,4523,4364,4566,4439,4710,4599,4766,4506,4810,4524,4911,4604,4982,4631
Gràcia,Districte,50-54 años,3983,3286,4129,3434,4237,3530,4248,3546,4228,3516,4301,3591,4248,3546,4232,3504,4183,3407,4103,3366,4082,3320,4122,3355,4176,3408,4127,3475,4131,3493,4187,3552,4176,3486,4146,3528,4138,3586,4222,3636,4232,3652,4220,3691,4189,3753,4203,3789,4135,3773,4202,3810,4296,3885,4366,3995,4431,4136
Gràcia,Districte,55-59 años,3414,2866,3420,2797,3532,2938,3826,3194,3825,3117,3979,3190,4089,3337,4154,3391,4180,3386,4192,3373,4119,3367,4119,3332,4107,3305,4020,3239,3910,3157,3939,3134,3986,3129,4013,3161,3983,3229,4045,3266,4083,3327,4014,3293,3988,3291,3973,3361,4039,3403,3961,3444,3949,3507,3989,3564,4071,3545
Gràcia,Districte,60-64 años,4079,3217,3946,3148,3760,2925,3424,2623,3417,2740,3333,2711,3294,2589,3394,2724,3712,2973,3717,2927,3810,2972,3901,3129,3953,3160,3973,3163,3953,3128,3975,3126,3958,3088,3905,3035,3868,2948,3775,2902,3805,2887,3836,2917,3851,2927,3869,2977,3884,3015,3829,3040,3770,3007,3826,3076,3828,3119
Gràcia,Districte,65-69 años,4239,3036,4173,3027,4077,2980,4018,2942,3906,2848,3831,2852,3727,2807,3557,2610,3269,2341,3252,2471,3108,2388,3059,2302,3146,2444,3464,2680,3462,2634,3582,2709,3679,2849,3750,2852,3797,2875,3782,2838,3754,2832,3719,2768,3687,2733,3661,2703,3562,2622,3511,2605,3551,2587,3606,2606,3636,2708
Gràcia,Districte,70-74 años,4304,2746,4289,2721,4271,2684,4138,2611,4023,2588,3931,2542,3836,2520,3746,2495,3703,2480,3675,2455,3575,2429,3433,2384,3271,2228,2950,2022,2942,2118,2886,2091,2856,2054,2947,2181,3257,2385,3284,2364,3362,2452,3455,2550,3528,2588,3577,2577,3550,2527,3510,2486,3516,2481,3474,2453,3408,2411
Gràcia,Districte,75-79 años,3516,1769,3631,1915,3683,2010,3790,2141,3833,2158,3838,2167,3809,2140,3761,2103,3641,2080,3546,2062,3475,2038,3458,2050,3389,2027,3347,2022,3277,2027,3195,2023,3112,1969,2976,1849,2685,1706,2737,1821,2698,1788,2626,1749,2717,1857,2989,2034,2983,1999,3050,2040,3138,2138,3219,2196,3274,2244
Gràcia,Districte,80-84 años,2795,1304,2773,1256,2760,1239,2719,1158,2734,1172,2832,1200,2900,1304,2932,1357,3059,1486,3050,1514,3082,1530,3076,1557,3079,1548,2983,1521,2963,1500,2956,1500,2940,1518,2899,1535,2879,1562,2808,1582,2736,1599,2665,1561,2525,1447,2351,1316,2385,1393,2353,1390,2253,1346,2364,1452,2613,1597
Gràcia,Districte,85-89 años,1600,690,1776,722,1861,752,1873,755,1905,748,1904,725,1832,686,1796,684,1758,664,1824,680,1920,718,1984,760,2007,819,2100,863,2139,883,2166,888,2182,919,2231,914,2219,926,2206,939,2188,929,2233,975,2213,950,2206,991,2133,990,2089,1011,2015,997,1913,961,1787,896
Gràcia,Districte,90-94 años,623,182,645,192,683,199,714,247,739,249,784,279,861,280,863,275,895,287,936,271,915,269,929,269,911,282,904,276,956,275,1031,299,1071,331,1087,345,1138,369,1217,358,1253,374,1244,383,1245,402,1256,422,1232,404,1249,401,1255,430,1269,447,1252,463
Gràcia,Districte,95-99 años,117,33,147,35,151,37,151,42,156,43,161,42,167,47,181,50,187,50,203,55,231,71,238,68,270,59,281,69,292,72,288,72,288,72,311,88,322,81,332,74,362,82,351,84,351,87,405,102,420,95,432,105,461,109,446,113,452,114
Gràcia,Districte,≥100 años,14,6,17,10,19,5,18,6,17,7,23,6,20,5,24,7,28,7,33,5,28,7,35,6,37,9,39,7,36,10,41,9,41,8,59,9,56,14,58,13,57,14,55,12,62,17,58,19,64,17,70,15,59,10,68,18,83,14
Gràcia,Districte,No consta,-,-,-,-,-,-,-,-,-,-,-,-,-,-,-,-,-,-,-,-,-,-,-,-,-,-,-,-,-,-,-,-,-,-,-,-,-,-,-,-,-,-,-,-,-,-,-,-,-,-,-,-,-,-,-,-,-,-
Horta-Guinardó,Districte,<5 años,2871,3027,2948,3085,2950,3115,3024,3113,3068,3153,3187,3272,3266,3354,3322,3452,3396,3562,3447,3672,3404,3620,3423,3732,3555,3806,3547,3788,3520,3733,3527,3653,3484,3545,3402,3470,3312,3421,3277,3417,3351,3473,3335,3458,3337,3398,3336,3347,3178,3188,3006,3064,2955,3078,2861,3016,2820,2945
Horta-Guinardó,Districte,5-9 años,2879,3059,2894,3106,2864,3095,2822,3109,2871,3139,2979,3200,3014,3189,3014,3155,3021,3170,3044,3209,3131,3263,3183,3326,3210,3411,3247,3454,3324,3513,3327,3547,3308,3600,3432,3596,3458,3550,3430,3578,3429,3602,3414,3583,3451,3599,3459,3637,3473,3568,3423,3561,3462,3546,3443,3560,3387,3482
Horta-Guinardó,Districte,10-14 años,3464,3651,3388,3533,3259,3372,3131,3258,3005,3171,2987,3202,3068,3255,3082,3309,3009,3317,2989,3317,3000,3236,3089,3241,3135,3224,3123,3248,3163,3277,3246,3314,3272,3374,3222,3493,3214,3544,3328,3576,3380,3666,3385,3740,3553,3833,3600,3833,3530,3834,3510,3768,3626,3814,3704,3866,3766,3945
Horta-Guinardó,Districte,15-19 años,5215,5482,4823,5084,4400,4674,4059,4347,3865,4104,3762,3883,3591,3692,3477,3549,3368,3468,3296,3383,3183,3370,3257,3494,3249,3546,3191,3480,3208,3471,3170,3479,3176,3395,3135,3405,3207,3452,3231,3536,3375,3604,3422,3714,3491,3837,3554,3948,3590,3959,3639,3926,3731,4062,3952,4201,4018,4287
Horta-Guinardó,Districte,20-24 años,7210,7422,7066,7214,6674,6836,6243,6495,5848,6059,5757,5969,5449,5646,5146,5149,4810,4853,4603,4624,4401,4282,4324,4308,4294,4360,4164,4146,3988,4021,3803,3914,3815,3814,3729,3767,3661,3768,3751,3790,3828,3858,3947,3855,4025,4023,4273,4231,4264,4357,4178,4223,4451,4500,4722,4820,4892,4932
Horta-Guinardó,Districte,25-29 años,6556,6856,6624,7048,6807,7161,6858,7159,7059,7240,7367,7619,7455,7709,7220,7568,7067,7334,6860,6931,6497,6564,6379,6444,6217,6420,5965,6086,5612,5676,5420,5207,5161,4861,4998,4607,4852,4566,4799,4637,4898,4759,5119,4908,5384,5115,5449,5372,5444,5250,5402,5147,5815,5471,6201,5894,6401,6124
Horta-Guinardó,Districte,30-34 años,6259,6287,6418,6335,6334,6388,6319,6323,6420,6536,6745,6903,6924,7190,7080,7268,7262,7403,7358,7564,7221,7579,7404,7740,7409,7912,7237,7656,7099,7235,6702,6837,6320,6432,6015,5999,5888,5680,5809,5544,5887,5466,5869,5498,6026,5650,6117,5788,6112,5893,5983,5801,6345,6160,6725,6674,7035,6992
Horta-Guinardó,Districte,35-39 años,5583,5424,5739,5668,5873,5772,6056,5939,6279,6111,6522,6459,6619,6630,6624,6660,6639,6648,6643,6755,6603,6707,6734,6956,6948,7106,7016,7226,7028,7252,7122,7349,7042,7288,6930,7178,6783,6955,6626,6672,6526,6490,6547,6412,6431,6300,6525,6289,6401,6276,6214,5896,6258,5957,6511,6394,6685,6599
Horta-Guinardó,Districte,40-44 años,5433,4695,5405,4782,5403,4865,5502,5068,5580,5295,5821,5544,5969,5761,6083,5908,6214,6121,6381,6188,6478,6191,6609,6370,6551,6543,6538,6479,6544,6529,6528,6531,6583,6585,6669,6611,6743,6718,6840,6823,6976,6956,6986,6954,7018,6946,6958,6894,6967,6726,6738,6580,6672,6584,6670,6471,6723,6418
Horta-Guinardó,Districte,45-49 años,6018,5221,5921,4978,5663,4775,5357,4591,5385,4608,5504,4783,5501,4883,5558,4937,5682,5190,5695,5338,5726,5366,5882,5567,5969,5758,6124,5936,6289,5972,6474,6082,6474,6100,6428,6108,6401,6062,6425,6234,6393,6291,6469,6254,6689,6434,6872,6641,6902,6757,6922,6776,7044,6782,7113,6927,7115,6938
Horta-Guinardó,Districte,50-54 años,6181,5460,6355,5631,6416,5609,6342,5432,6068,5148,5978,5074,5830,4863,5623,4694,5378,4538,5453,4547,5455,4578,5442,4685,5513,4792,5575,5023,5584,5134,5664,5213,5802,5359,5903,5569,6050,5697,6232,5788,6433,5908,6464,6003,6470,6026,6532,5953,6525,6049,6435,6083,6581,6165,6822,6279,6948,6478
Horta-Guinardó,Districte,55-59 años,5509,4975,5342,4835,5462,4908,5859,5211,5860,5086,6093,5224,6212,5317,6271,5285,6173,5165,5890,4913,5685,4753,5675,4526,5464,4435,5252,4298,5318,4314,5355,4356,5344,4449,5372,4505,5464,4713,5558,4952,5657,5055,5779,5192,5924,5329,6121,5483,6210,5567,6331,5612,6435,5728,6446,5824,6494,5768
Horta-Guinardó,Districte,60-64 años,6268,5589,6252,5542,5943,5286,5481,4761,5425,4800,5218,4581,5071,4427,5236,4517,5675,4791,5681,4703,5761,4747,5855,4876,5908,4837,5880,4811,5627,4562,5534,4442,5498,4254,5314,4128,5131,3972,5188,4047,5267,4125,5235,4202,5309,4329,5410,4554,5491,4665,5508,4731,5687,4885,5851,5024,6001,5201
Horta-Guinardó,Districte,65-69 años,5722,4724,5807,4853,5864,4961,5873,5011,5916,4945,5970,4958,5897,4865,5631,4647,5221,4190,5178,4259,4935,4045,4804,3939,4962,4089,5366,4329,5377,4268,5469,4348,5542,4447,5663,4451,5623,4389,5452,4201,5337,4104,5322,3904,5126,3760,4975,3683,4992,3722,5004,3794,5001,3873,5130,3963,5283,4192
Horta-Guinardó,Districte,70-74 años,5030,3716,5133,3784,5278,3785,5218,3816,5242,3935,5322,4024,5390,4155,5451,4240,5481,4311,5558,4242,5527,4212,5487,4162,5262,4023,4861,3691,4860,3719,4674,3607,4507,3561,4625,3636,5057,3882,5048,3832,5193,3904,5249,4011,5325,3994,5304,3903,5115,3652,4969,3570,4974,3471,4837,3407,4673,3303
Horta-Guinardó,Districte,75-79 años,3586,2172,3814,2360,3921,2562,4157,2688,4315,2817,4468,2889,4546,2945,4675,2980,4673,3109,4707,3246,4796,3364,4844,3437,4977,3457,5040,3557,5081,3546,5070,3538,5051,3511,4866,3400,4449,3121,4486,3185,4343,3095,4177,3014,4330,3140,4716,3345,4683,3286,4773,3269,4809,3344,4891,3362,4902,3323
Horta-Guinardó,Districte,80-84 años,2507,1248,2574,1263,2697,1287,2733,1290,2839,1354,2968,1492,3131,1621,3227,1752,3434,1859,3556,1948,3692,2027,3831,2067,3939,2181,3975,2251,4006,2392,4111,2493,4153,2564,4266,2635,4340,2712,4359,2753,4333,2734,4391,2731,4230,2658,3857,2469,3831,2462,3694,2381,3609,2327,3766,2418,4121,2615
Horta-Guinardó,Districte,85-89 años,1465,575,1568,647,1594,677,1630,677,1662,664,1718,703,1731,676,1795,705,1856,747,1959,785,2033,862,2166,926,2315,1021,2490,1080,2623,1157,2763,1229,2839,1258,2854,1348,2921,1409,2966,1509,3046,1634,3081,1655,3190,1693,3303,1770,3240,1738,3269,1748,3304,1739,3177,1695,2931,1599
Horta-Guinardó,Districte,90-94 años,596,171,628,180,674,209,707,215,734,237,741,244,770,272,806,239,846,243,852,267,886,260,875,272,904,300,954,314,1011,332,1121,366,1199,413,1280,454,1388,492,1442,551,1493,550,1567,587,1598,637,1696,679,1675,675,1719,730,1770,749,1894,786,1923,830
Horta-Guinardó,Districte,95-99 años,110,32,136,36,163,37,157,37,168,46,173,44,193,44,192,45,214,43,234,52,214,54,245,65,271,49,264,58,274,75,269,76,286,82,318,86,322,89,363,88,383,109,418,121,452,124,499,139,485,125,512,124,547,139,568,154,621,162
Horta-Guinardó,Districte,≥100 años,20,5,13,-,12,-,15,-,13,5,19,6,20,5,21,8,16,5,23,10,27,6,36,-,34,-,35,-,48,-,47,7,42,10,47,10,60,14,58,9,60,10,66,15,70,12,74,10,75,12,83,13,78,22,96,23,116,21
Horta-Guinardó,Districte,No consta,-,-,-,-,-,-,-,-,-,-,-,-,-,-,-,-,-,-,-,-,-,-,-,-,-,-,-,-,-,-,-,-,-,-,-,-,-,-,-,-,-,-,-,-,-,-,-,-,-,-,-,-,-,-,-,-,-,-
Nou Barris,Districte,<5 años,2793,2853,2862,2989,2832,2933,2882,2956,2952,3091,3054,3210,3167,3267,3303,3359,3284,3440,3355,3505,3448,3596,3646,3731,3732,3984,3801,3956,3846,3914,3839,3809,3721,3817,3612,3679,3550,3615,3492,3646,3552,3686,3598,3679,3537,3604,3481,3601,3289,3452,3090,3206,2996,3154,3044,3155,3012,3090
Nou Barris,Districte,5-9 años,2948,3064,2939,3029,2932,2994,2892,2982,2853,2911,2812,2957,2885,3057,2900,3079,2991,3071,3046,3164,3056,3156,3180,3216,3318,3360,3310,3449,3356,3530,3470,3660,3573,3725,3595,3855,3633,3857,3663,3778,3793,3795,3788,3841,3804,3880,3785,3929,3771,3915,3660,3862,3746,3827,3746,3807,3657,3793
Nou Barris,Districte,10-14 años,3491,3843,3423,3633,3239,3439,3104,3285,3014,3197,3029,3247,3013,3265,3086,3294,3047,3292,3062,3236,3009,3180,3087,3303,3077,3292,3126,3295,3167,3390,3248,3372,3278,3343,3359,3452,3376,3546,3407,3671,3528,3804,3681,3882,3825,4053,3947,4114,3984,4119,3974,4032,4050,4242,4072,4282,4154,4379
Nou Barris,Districte,15-19 años,5532,5716,5040,5347,4610,4917,4166,4509,3872,4209,3767,3970,3675,3789,3578,3734,3445,3574,3438,3572,3346,3571,3393,3584,3484,3625,3403,3600,3365,3553,3342,3606,3304,3538,3246,3483,3323,3570,3401,3599,3555,3696,3625,3786,3802,3990,3856,4091,3915,4127,3957,4185,4185,4391,4365,4655,4485,4765
Nou Barris,Districte,20-24 años,7365,7647,7282,7421,6859,7033,6512,6674,6165,6247,6012,6180,5707,5915,5358,5551,5003,5215,4788,4927,4577,4752,4593,4767,4502,4807,4264,4446,4168,4346,4098,4199,4009,3965,3889,3894,3947,3925,3935,3957,4050,4084,4217,4151,4349,4306,4592,4574,4524,4639,4388,4575,4636,4876,5066,5275,5134,5459
Nou Barris,Districte,25-29 años,6911,7240,6925,7360,7007,7309,7014,7191,7100,7325,7222,7598,7354,7673,7214,7611,7037,7443,6744,7289,6538,6961,6572,6868,6437,6763,5969,6204,5494,5766,5191,5357,4929,4852,4818,4538,4673,4337,4736,4345,4810,4470,5034,4691,5301,4968,5590,5272,5533,5240,5213,5085,5539,5423,5925,5959,6137,6271
Nou Barris,Districte,30-34 años,6100,6379,6343,6645,6389,6626,6258,6575,6306,6614,6552,6761,6576,7021,6747,7191,6860,7393,6962,7616,6927,7586,7122,7887,7235,7919,7090,7609,6830,7392,6769,6977,6486,6485,6059,5823,5776,5502,5451,5200,5439,5075,5475,5077,5624,5244,5725,5401,5769,5589,5599,5436,5922,5643,6330,6156,6590,6632
Nou Barris,Districte,35-39 años,5264,5315,5372,5389,5374,5490,5531,5719,5802,5904,6061,6313,6213,6437,6273,6552,6304,6521,6359,6642,6368,6647,6519,6951,6678,7240,6753,7252,6838,7328,6922,7302,6918,7196,6863,7096,6816,6956,6739,6726,6636,6439,6544,6200,6429,6102,6361,5986,6113,5792,5766,5504,5939,5651,6114,5856,6281,6022
Nou Barris,Districte,40-44 años,4819,4593,4930,4708,5017,4828,5118,4917,5123,5021,5353,5274,5431,5377,5457,5503,5617,5765,5901,5918,6029,6123,6283,6278,6365,6443,6346,6360,6320,6469,6404,6504,6375,6571,6461,6612,6563,6746,6694,6728,6826,6848,6881,6851,7004,7008,7094,6945,6995,6905,6783,6514,6728,6421,6781,6358,6668,6308
Nou Barris,Districte,45-49 años,5448,4855,5332,4713,5016,4535,4770,4417,4801,4418,4934,4561,4980,4686,5120,4804,5210,4923,5199,5060,5291,5119,5451,5314,5558,5459,5742,5654,5989,5795,6124,5920,6272,5936,6293,5984,6310,6021,6312,6184,6342,6249,6452,6357,6652,6536,6860,6659,7042,6723,6979,6676,7112,6798,7259,7069,7356,7013
Nou Barris,Districte,50-54 años,5934,5364,5983,5504,5995,5325,5837,5180,5537,4862,5348,4679,5231,4499,4941,4356,4739,4275,4856,4332,4895,4379,4963,4493,5140,4599,5218,4722,5216,4851,5386,4998,5442,5055,5515,5117,5764,5311,6026,5488,6207,5684,6352,5813,6507,5950,6504,6009,6483,6185,6550,6175,6640,6334,6830,6460,7015,6602
Nou Barris,Districte,55-59 años,5468,4998,5255,4705,5372,4798,5645,5048,5596,4967,5751,5117,5754,5181,5789,5030,5662,4859,5311,4587,5102,4386,5020,4240,4835,4120,4677,4031,4791,4083,4851,4195,4895,4274,5022,4385,5171,4552,5213,4671,5397,4827,5524,4892,5676,5029,5944,5295,6169,5418,6191,5580,6412,5680,6624,5823,6606,5955
Nou Barris,Districte,60-64 años,6645,5962,6440,5824,6039,5453,5647,4924,5561,4871,5235,4553,4987,4287,5113,4415,5390,4620,5352,4504,5452,4568,5481,4636,5569,4560,5457,4491,5183,4260,5019,4127,4923,3998,4695,3886,4565,3817,4712,3874,4805,3953,4871,4043,5075,4181,5247,4352,5231,4422,5354,4526,5481,4587,5641,4781,5911,5004
Nou Barris,Districte,65-69 años,6414,5236,6488,5359,6579,5423,6441,5398,6275,5336,6272,5290,6120,5162,5743,4865,5334,4382,5284,4344,4957,4028,4742,3810,4838,3937,5102,4148,5066,4054,5203,4161,5328,4285,5408,4229,5354,4170,5082,3919,4947,3805,4825,3662,4613,3555,4510,3483,4636,3548,4652,3598,4726,3708,4940,3866,5149,3994
Nou Barris,Districte,70-74 años,5257,4094,5344,4169,5458,4261,5549,4332,5816,4428,5931,4409,5961,4544,6047,4578,5961,4560,5820,4502,5793,4502,5656,4424,5350,4161,4945,3774,4927,3804,4678,3564,4483,3397,4603,3527,4903,3739,4907,3722,5040,3799,5156,3864,5249,3796,5151,3730,4846,3468,4639,3343,4574,3227,4401,3143,4323,3090
Nou Barris,Districte,75-79 años,3487,2290,3823,2533,4002,2715,4280,2917,4386,3037,4505,3174,4594,3212,4736,3296,4853,3387,5119,3466,5239,3523,5297,3608,5383,3684,5353,3719,5284,3732,5278,3781,5208,3744,4917,3534,4558,3216,4552,3282,4339,3060,4173,2946,4281,3062,4573,3222,4532,3130,4613,3173,4700,3253,4796,3197,4745,3148
Nou Barris,Districte,80-84 años,2135,1183,2273,1192,2375,1234,2411,1274,2557,1377,2754,1516,2964,1653,3141,1787,3384,1965,3504,2075,3585,2215,3667,2262,3792,2339,3890,2367,4151,2485,4271,2537,4357,2682,4540,2771,4567,2825,4507,2859,4535,2918,4437,2860,4187,2710,3901,2506,3881,2491,3695,2324,3516,2254,3695,2375,3911,2492
Nou Barris,Districte,85-89 años,1180,469,1231,519,1295,552,1342,569,1351,569,1365,614,1428,623,1467,644,1525,675,1641,719,1820,789,1977,889,2080,988,2239,1119,2358,1205,2457,1275,2586,1267,2667,1349,2761,1414,2970,1508,3067,1581,3127,1694,3256,1738,3285,1783,3200,1750,3223,1788,3200,1727,3041,1674,2862,1569
Nou Barris,Districte,90-94 años,418,154,465,142,507,148,523,163,536,180,522,182,547,180,556,181,605,202,610,215,615,251,681,255,722,243,722,253,789,271,871,304,953,355,1043,414,1170,451,1222,467,1292,492,1361,504,1368,556,1488,622,1545,642,1603,660,1618,724,1689,734,1748,755
Nou Barris,Districte,95-99 años,87,23,103,30,100,25,101,32,114,21,134,27,129,23,139,31,138,35,142,47,147,45,145,38,147,31,165,35,181,44,183,53,197,49,197,50,196,60,211,79,260,80,287,79,342,95,379,111,384,103,407,109,423,99,428,118,458,140
Nou Barris,Districte,≥100 años,15,-,15,-,9,-,7,-,10,-,15,-,18,-,17,-,19,-,21,-,13,-,13,-,17,-,20,-,24,6,23,6,32,6,33,-,30,-,30,6,31,9,36,11,38,8,45,9,45,7,39,10,45,8,51,9,61,11
Nou Barris,Districte,No consta,-,-,-,-,-,-,-,-,-,-,-,-,-,-,-,-,-,-,-,-,-,-,-,-,-,-,-,-,-,-,-,-,-,-,-,-,-,-,-,-,-,-,-,-,-,-,-,-,-,-,-,-,-,-,-,-,-,-
Sant Andreu,Districte,<5 años,2471,2532,2514,2548,2462,2546,2453,2613,2543,2700,2648,2794,2769,2845,2917,2978,3004,3065,3073,3102,3122,3229,3232,3401,3345,3509,3406,3573,3487,3658,3444,3671,3394,3644,3330,3565,3306,3531,3205,3450,3145,3464,3075,3437,3000,3397,2934,3276,2867,3154,2752,2888,2640,2841,2612,2781,2558,2652
Sant Andreu,Districte,5-9 años,2577,2749,2594,2784,2602,2687,2582,2577,2552,2564,2548,2630,2562,2642,2566,2670,2589,2773,2697,2841,2763,2867,2827,2859,2926,3017,2967,3041,3018,3039,3041,3185,3130,3294,3206,3381,3283,3449,3369,3592,3417,3593,3409,3582,3420,3514,3423,3544,3264,3461,3161,3461,3169,3508,3106,3466,3010,3348
Sant Andreu,Districte,10-14 años,3252,3435,3117,3273,2993,3134,2852,3011,2699,2904,2734,2927,2737,2927,2730,2877,2752,2801,2721,2822,2627,2752,2675,2795,2680,2826,2734,2897,2814,2954,2862,3002,2904,3003,2971,3053,2993,3100,3029,3115,3108,3239,3211,3350,3277,3444,3389,3543,3462,3600,3405,3632,3431,3645,3509,3665,3514,3689
Sant Andreu,Districte,15-19 años,4595,4719,4318,4563,4008,4240,3748,4047,3581,3836,3464,3614,3302,3441,3207,3296,3110,3232,3001,3164,3001,3125,3002,3138,2952,3136,2938,3068,2935,3068,2906,3062,2911,3020,2813,2978,2888,3075,2922,3154,3008,3206,3055,3233,3196,3357,3246,3439,3243,3391,3259,3436,3437,3665,3559,3863,3637,3938
Sant Andreu,Districte,20-24 años,5388,5703,5369,5662,5405,5555,5223,5362,5092,5114,5043,5151,4934,5074,4609,4722,4360,4534,4193,4417,3989,4090,3966,4171,3912,4034,3751,3885,3559,3757,3523,3636,3420,3533,3326,3424,3264,3373,3300,3351,3295,3338,3316,3380,3360,3510,3483,3675,3515,3723,3538,3692,3645,3849,3884,4158,3912,4251
Sant Andreu,Districte,25-29 años,4879,4901,5096,5099,5164,5284,5305,5473,5494,5776,5895,6158,6064,6437,6192,6560,6165,6453,5974,6238,5685,5935,5664,5910,5521,5858,5202,5482,4935,5157,4694,4734,4440,4355,4198,4080,4145,3972,4083,3899,4125,3968,4276,4185,4422,4307,4451,4416,4400,4418,4232,4294,4458,4495,4714,4790,4882,5033
Sant Andreu,Districte,30-34 años,4928,4808,4884,4796,4947,4874,4985,4814,5136,4923,5326,5326,5669,5747,5913,6064,6134,6467,6356,6815,6352,6830,6400,7068,6490,7178,6385,6952,6392,6645,6164,6240,5873,5826,5541,5389,5298,5078,5025,4899,4920,4805,4773,4691,4917,4690,5048,4888,4997,4852,4800,4739,4977,4942,5299,5414,5474,5645
Sant Andreu,Districte,35-39 años,5071,4689,5157,4779,5061,4680,4948,4721,5004,4806,5235,5059,5287,5191,5437,5454,5572,5544,5663,5703,5673,5780,5850,6071,6072,6384,6183,6490,6305,6718,6422,6832,6471,6856,6381,6645,6350,6520,6234,6192,6040,5882,5890,5667,5702,5492,5580,5385,5469,5350,5256,5157,5228,5073,5307,5190,5432,5448
Sant Andreu,Districte,40-44 años,4859,4469,4892,4504,4957,4604,5130,4732,5218,4731,5335,4811,5388,4896,5320,4852,5288,5036,5339,5139,5325,5209,5397,5321,5517,5490,5594,5561,5677,5650,5778,5768,5918,5762,5959,5862,6054,6001,6095,6265,6324,6429,6400,6453,6484,6492,6521,6471,6401,6221,6064,5898,5972,5744,5859,5708,5727,5613
Sant Andreu,Districte,45-49 años,5148,4745,5158,4731,4982,4572,4817,4330,4884,4362,5007,4510,5087,4601,5169,4706,5387,4824,5435,4897,5415,4796,5429,4910,5402,4917,5326,5036,5307,5048,5383,5193,5401,5194,5439,5263,5555,5308,5640,5369,5725,5475,5824,5604,6000,5804,6164,5920,6228,6110,6306,6169,6416,6215,6512,6348,6502,6334
Sant Andreu,Districte,50-54 años,4569,4403,4797,4614,4995,4786,5058,4816,5029,4684,5204,4711,5238,4657,5080,4525,4958,4328,4938,4343,4962,4395,5087,4474,5185,4602,5347,4636,5356,4764,5351,4696,5399,4743,5328,4670,5294,4800,5322,4840,5400,4982,5439,5044,5532,5190,5599,5242,5676,5313,5709,5325,5795,5392,5998,5602,6153,5763
Sant Andreu,Districte,55-59 años,3674,3534,3582,3474,3809,3621,4180,3974,4270,4008,4574,4265,4816,4482,5020,4613,5101,4652,5059,4534,5089,4494,5100,4405,4946,4279,4821,4098,4864,4138,4909,4238,4956,4316,5069,4352,5255,4452,5319,4532,5306,4503,5359,4541,5368,4548,5323,4668,5301,4667,5314,4767,5375,4820,5459,4972,5633,5015
Sant Andreu,Districte,60-64 años,4441,3747,4363,3736,4103,3544,3734,3250,3799,3360,3585,3299,3524,3270,3775,3419,4145,3752,4235,3783,4414,3928,4616,4142,4794,4300,4893,4334,4911,4255,4989,4260,4981,4196,4831,4097,4761,3899,4798,3980,4838,4046,4901,4080,4982,4163,5177,4250,5217,4308,5148,4273,5247,4298,5219,4269,5235,4428
Sant Andreu,Districte,65-69 años,4363,3539,4418,3537,4449,3544,4418,3494,4340,3431,4300,3407,4239,3352,4005,3179,3678,2965,3723,3093,3478,2943,3405,2923,3634,3068,3938,3348,4023,3399,4248,3582,4445,3794,4666,3974,4802,4036,4746,3942,4824,3953,4783,3856,4659,3748,4604,3637,4601,3631,4579,3686,4668,3734,4832,3832,4968,3908
Sant Andreu,Districte,70-74 años,3933,2842,4013,2933,4089,3055,4120,3026,4107,3088,4130,3090,4116,3111,4183,3132,4207,3102,4114,3049,4058,2993,4043,2962,3805,2798,3455,2600,3468,2740,3288,2635,3190,2626,3446,2797,3753,3073,3889,3109,4100,3237,4303,3447,4484,3570,4583,3625,4530,3528,4557,3492,4507,3400,4398,3375,4396,3294
Sant Andreu,Districte,75-79 años,2801,1707,3070,1854,3176,1933,3301,2072,3436,2180,3607,2285,3629,2346,3660,2416,3678,2401,3742,2479,3745,2489,3772,2525,3833,2588,3826,2558,3773,2516,3754,2525,3746,2490,3511,2384,3206,2253,3210,2375,3034,2294,2978,2288,3191,2425,3481,2636,3586,2641,3759,2789,3977,2963,4167,3066,4266,3132
Sant Andreu,Districte,80-84 años,1916,1003,1933,997,2003,976,2086,1027,2183,1096,2306,1169,2520,1266,2568,1354,2702,1477,2830,1526,2959,1605,3042,1668,3045,1716,3043,1764,3120,1828,3162,1870,3202,1919,3310,1979,3342,1974,3262,1957,3284,1975,3231,1965,3013,1861,2753,1772,2751,1864,2588,1798,2543,1766,2744,1926,3054,2123
Sant Andreu,Districte,85-89 años,1073,433,1132,477,1182,495,1240,507,1283,511,1312,544,1293,525,1342,537,1378,582,1450,627,1560,675,1685,713,1745,772,1848,825,1944,881,2052,942,2129,997,2193,1032,2248,1103,2339,1175,2344,1236,2379,1242,2457,1294,2453,1293,2318,1256,2364,1253,2332,1265,2175,1214,2038,1157
Sant Andreu,Districte,90-94 años,421,123,408,125,448,137,482,157,511,166,533,170,544,185,553,200,603,211,630,195,648,195,647,179,696,193,712,205,740,217,810,247,890,287,929,329,1024,355,1058,393,1112,426,1127,453,1161,478,1212,484,1255,476,1258,499,1297,513,1346,542,1349,560
Sant Andreu,Districte,95-99 años,77,17,97,23,107,18,115,24,117,22,120,27,131,32,124,33,148,41,147,46,173,39,173,43,170,45,190,43,218,39,216,52,208,44,204,49,230,54,253,59,274,60,304,73,315,83,320,103,343,95,372,95,389,101,409,116,427,108
Sant Andreu,Districte,≥100 años,13,7,7,-,6,-,8,-,17,-,15,-,12,-,14,-,13,5,19,5,17,5,19,-,22,-,26,7,31,5,25,6,33,9,35,9,45,10,48,6,44,11,42,7,41,5,44,8,47,7,51,11,54,13,54,11,52,16
Sant Andreu,Districte,No consta,-,-,-,-,-,-,-,-,-,-,-,-,-,-,-,-,-,-,-,-,-,-,-,-,-,-,-,-,-,-,-,-,-,-,-,-,-,-,-,-,-,-,-,-,-,-,-,-,-,-,-,-,-,-,-,-,-,-
Sant Martí,Districte,<5 años,3940,4124,4024,4305,4018,4374,4011,4355,4141,4481,4361,4683,4524,4839,4725,4939,4873,5177,5017,5208,5155,5370,5286,5543,5467,5704,5452,5710,5433,5720,5381,5719,5463,5658,5361,5531,5392,5577,5319,5536,5211,5435,5073,5444,5003,5381,4869,5196,4470,4867,4275,4600,4193,4441,4034,4311,3940,4144
Sant Martí,Districte,5-9 años,3953,4078,4035,4081,3916,4070,3900,4077,3866,4185,4023,4328,4084,4498,4105,4573,4190,4542,4326,4668,4377,4660,4427,4763,4652,4861,4739,5024,4887,5098,5149,5287,5231,5429,5315,5608,5327,5603,5302,5639,5293,5634,5317,5580,5239,5490,5268,5481,5162,5396,5016,5230,4917,5326,4886,5335,4708,5167
Sant Martí,Districte,10-14 años,4639,4890,4508,4787,4410,4533,4258,4398,4146,4297,4141,4367,4217,4389,4116,4380,4101,4388,4077,4485,4063,4448,4143,4559,4160,4618,4286,4616,4389,4709,4498,4799,4476,4898,4659,4970,4786,5114,4914,5103,5145,5296,5230,5433,5335,5634,5327,5598,5284,5555,5166,5521,5289,5521,5270,5435,5319,5475
Sant Martí,Districte,15-19 años,6394,6593,6029,6315,5660,6019,5342,5709,5077,5413,4924,5228,4804,5072,4756,4858,4615,4755,4536,4660,4438,4590,4496,4595,4418,4677,4326,4696,4364,4716,4376,4810,4429,4813,4410,4822,4480,4822,4567,4964,4715,5050,4699,5091,4891,5233,5012,5425,5135,5419,5286,5491,5434,5720,5677,6031,5680,6058
Sant Martí,Districte,20-24 años,7829,8177,7941,8122,7700,7924,7366,7593,7147,7212,7162,7309,6928,7339,6573,6945,6434,6733,6198,6501,5991,6196,5861,6190,5919,6057,5749,5769,5499,5617,5412,5607,5303,5420,5141,5272,5100,5272,5157,5353,5262,5501,5450,5658,5532,5762,5677,5880,5697,5946,5682,6008,5937,6289,6484,6831,6627,7201
Sant Martí,Districte,25-29 años,7457,7623,7459,7749,7675,7950,7761,8014,7990,8431,8616,9065,9075,9513,9083,9489,8998,9479,8804,9379,8444,9103,8324,9101,8382,9207,8148,8667,7809,8250,7635,7844,7275,7403,6953,6881,6841,6658,6729,6466,6891,6674,7234,6852,7412,7082,7610,7434,7559,7635,7235,7547,7745,7823,8155,8372,8485,8744
Sant Martí,Districte,30-34 años,8145,7777,8260,7863,8106,7849,8064,7723,8072,8019,8529,8722,8888,9374,9241,9660,9538,10149,9770,10581,9805,10485,10057,10825,10097,10958,10091,10910,9929,10711,9774,10372,9422,9834,9052,9423,8810,9089,8444,8690,8462,8350,8308,8185,8545,8287,8542,8500,8670,8658,8582,8707,8970,9055,9470,9760,9785,10236
Sant Martí,Districte,35-39 años,7785,7465,8028,7743,8173,7735,8205,7799,8420,7890,8750,8502,8975,8936,9016,9114,9169,9373,9306,9607,9084,9564,9259,9995,9657,10396,9814,10562,10199,10801,10375,10946,10424,11043,10277,10955,10263,10791,10182,10480,9876,10248,9510,9895,9449,9857,9236,9605,9056,9454,8941,9209,9013,9174,9327,9621,9580,10093
Sant Martí,Districte,40-44 años,6931,6650,7156,6833,7285,7089,7561,7271,7797,7493,8257,7883,8554,8165,8726,8238,8793,8473,8964,8623,8984,8772,9081,9093,9146,9284,9135,9397,9186,9467,9201,9602,9308,9797,9612,9899,9781,10224,9925,10505,10086,10600,10190,10586,10140,10678,10078,10518,9903,10227,9545,9925,9286,9766,9360,9785,9382,9805
Sant Martí,Districte,45-49 años,6838,6601,6965,6692,6882,6570,6796,6494,6946,6694,7260,6935,7497,7065,7580,7324,7921,7582,8110,7794,8327,7844,8571,8128,8796,8286,8805,8329,8914,8467,8970,8716,9059,8834,9034,8988,9026,8950,9027,9063,9071,9243,9139,9276,9379,9485,9514,9705,9585,9941,9679,9886,9761,9958,9744,10119,9749,10141
Sant Martí,Districte,50-54 años,6593,6125,6843,6430,7050,6592,7059,6644,6967,6526,7053,6728,7142,6732,7091,6608,7069,6564,7210,6764,7320,6818,7469,6857,7641,7123,7884,7332,8054,7505,8289,7676,8475,7860,8572,7828,8655,8012,8770,8094,8845,8352,8899,8389,8930,8495,8892,8473,8873,8555,8768,8588,8885,8706,9215,8964,9373,9223
Sant Martí,Districte,55-59 años,5696,5243,5559,5182,5754,5333,6263,5797,6330,5760,6658,6027,6898,6305,7080,6434,7148,6535,7090,6374,7007,6398,7062,6438,6979,6415,6914,6283,7048,6406,7227,6491,7397,6597,7525,6796,7781,7005,7983,7171,8190,7248,8298,7431,8437,7526,8588,7616,8674,7685,8639,7879,8714,7962,8787,8105,8829,8168
Sant Martí,Districte,60-64 años,7068,6082,6829,5881,6445,5556,5899,5096,5858,5212,5606,5034,5464,4980,5712,5078,6235,5534,6346,5561,6539,5749,6781,5942,6943,6059,6951,6091,6814,5954,6846,6011,6902,6024,6857,5984,6849,5930,6986,6058,7119,6165,7241,6222,7401,6433,7634,6610,7801,6771,7998,6832,8150,6985,8218,7085,8321,7248
Sant Martí,Districte,65-69 años,7093,5665,7183,5750,7176,5738,7112,5741,6990,5592,6880,5556,6710,5394,6300,5117,5767,4682,5680,4769,5384,4524,5267,4473,5533,4659,6042,5096,6129,5119,6348,5323,6556,5489,6696,5581,6776,5684,6714,5548,6750,5579,6778,5592,6724,5519,6623,5458,6677,5560,6768,5603,6908,5664,7157,5922,7431,6151
Sant Martí,Districte,70-74 años,6384,4525,6464,4604,6537,4741,6556,4715,6602,4827,6646,4870,6772,4981,6802,4985,6739,5032,6606,4892,6483,4864,6280,4712,5912,4477,5390,4106,5330,4225,5134,4058,5034,4051,5299,4187,5777,4606,5892,4664,6068,4812,6268,4949,6485,5072,6527,5131,6418,4983,6324,4974,6377,4950,6360,4907,6291,4845
Sant Martí,Districte,75-79 años,4528,2863,4820,3018,5075,3219,5330,3403,5479,3555,5717,3642,5745,3702,5805,3764,5857,3825,5949,3964,5991,4023,6125,4100,6129,4184,6168,4179,6055,4094,5979,4111,5810,4030,5471,3826,4957,3470,4953,3563,4743,3468,4615,3466,4906,3633,5358,3991,5445,3992,5549,4063,5779,4206,5969,4375,6028,4438
Sant Martí,Districte,80-84 años,3079,1558,3172,1665,3245,1672,3253,1731,3413,1799,3639,1918,3845,2045,4048,2195,4328,2328,4449,2450,4640,2527,4693,2628,4762,2747,4758,2815,4922,2912,5008,3028,5138,3095,5207,3205,5229,3246,5168,3175,5029,3176,4937,3106,4639,2981,4236,2727,4202,2812,4061,2642,3907,2686,4213,2795,4627,3087
Sant Martí,Districte,85-89 años,1686,652,1784,699,1871,736,1957,760,2004,800,2059,834,2054,860,2118,885,2158,920,2256,938,2426,1048,2550,1101,2707,1201,2936,1282,3048,1417,3219,1486,3283,1598,3397,1722,3407,1777,3491,1864,3619,1930,3648,1974,3767,2024,3824,2065,3759,1976,3687,1967,3648,1934,3394,1892,3119,1734
Sant Martí,Districte,90-94 años,623,193,668,202,690,210,720,222,755,239,801,229,852,252,880,265,926,302,932,314,935,331,960,332,971,343,1021,350,1086,362,1173,423,1275,449,1395,499,1525,578,1573,616,1670,669,1726,700,1772,770,1816,801,1839,812,1946,860,1977,850,2035,897,2067,912
Sant Martí,Districte,95-99 años,107,33,140,29,150,29,153,32,168,38,177,51,174,48,166,43,192,42,205,53,212,50,229,67,255,74,266,86,294,89,312,73,315,83,317,78,347,85,368,89,395,108,418,116,436,126,501,150,503,137,553,135,599,155,627,178,627,180
Sant Martí,Districte,≥100 años,10,7,11,7,11,5,11,-,9,-,14,-,27,-,27,-,22,-,29,-,24,10,23,-,32,6,40,5,45,5,45,5,50,5,52,8,50,8,58,7,54,7,67,9,66,9,71,11,71,17,81,17,76,16,83,21,98,23
Sant Martí,Districte,No consta,-,6,-,-,-,-,-,-,-,-,-,-,-,-,-,-,-,-,-,-,-,-,-,-,-,-,-,-,-,-,-,-,-,-,-,-,-,-,-,-,-,-,-,-,-,-,-,-,-,-,-,-,-,-,-,-,-,-